DATE,RAINFALL_Davao City,TMAX_Davao City,TMIN_Davao City,RAINFALL_Surigao,TMAX_Surigao,TMIN_Surigao,RAINFALL_Zamboanga,TMAX_Zamboanga,TMIN_Zamboanga,RAINFALL_Dipolog,TMAX_Dipolog,TMIN_Dipolog,RAINFALL_Butuan,TMAX_Butuan,TMIN_Butuan,RAINFALL_Malaybalay,TMAX_Malaybalay,TMIN_Malaybalay,RAINFALL_General Santos,TMAX_General Santos,TMIN_General Santos,RAINFALL_Cotabato,TMAX_Cotabato,TMIN_Cotabato
2022-01-01,0.0,32.1,24.4,140.6,28.6,23.0,0.0,34.6,24.5,4.3,27.6,24.2,26.8,30.6,23.5,0.0,29.6,19.0,0.0,31.2,25.0,0.0,31.8,23.6
2022-01-02,0.0,30.8,25.0,42.6,27.4,23.4,0.0,35.1,24.2,4.9,27.8,24.6,1.8,27.8,23.0,0.0,28.0,19.4,0.0,31.0,24.2,0.0,32.2,23.7
2022-01-03,3.7,32.2,24.6,5.0,28.2,24.4,0.0,36.0,23.8,0.3,29.8,24.6,1.0,30.2,23.5,1.2,29.1,18.0,3.6,31.1,23.0,0.0,33.0,22.2
2022-01-04,0.0,32.4,25.2,5.8,29.8,23.6,0.0,34.8,24.2,0.9,31.6,25.4,1.0,30.9,23.4,0.0,31.4,19.4,0.0,31.4,23.4,0.0,34.8,22.8
2022-01-05,0.0,32.9,25.6,64.5,28.4,23.7,0.0,35.2,23.0,2.0,30.6,25.0,17.0,30.1,23.0,0.0,32.0,18.8,0.0,30.7,23.2,0.0,33.7,23.5
2022-01-06,0.0,33.6,25.6,0.4,29.5,23.8,0.0,33.1,23.2,0.0,31.4,24.8,0.0,31.2,23.0,0.0,32.6,19.0,0.0,33.2,23.8,0.0,34.1,23.7
2022-01-07,0.0,33.3,24.4,0.0,29.6,22.8,0.0,34.5,23.0,0.0,32.0,22.4,0.0,30.8,22.7,0.0,32.5,19.5,0.0,32.5,22.8,0.0,33.4,23.3
2022-01-08,0.0,33.9,25.0,6.2,29.4,23.6,0.0,33.5,22.3,0.0,31.2,23.4,0.0,31.2,22.6,0.0,34.0,18.0,3.8,32.5,23.7,0.0,33.4,23.1
2022-01-09,0.0,33.7,25.0,0.4,29.0,24.5,0.0,35.0,23.0,0.2,32.2,23.4,0.0,31.0,23.4,0.2,32.0,17.5,0.0,32.1,22.7,0.0,34.6,22.6
2022-01-10,0.0,33.1,25.1,0.0,29.0,24.5,0.0,34.5,23.4,1.0,32.9,22.7,0.0,33.0,23.2,0.0,33.0,17.5,0.0,31.0,22.6,0.0,35.0,23.8
2022-01-11,0.0,33.8,25.2,0.0,30.0,25.0,0.0,34.0,23.0,0.0,33.2,23.9,0.0,32.1,23.5,0.0,33.6,17.5,0.0,33.3,22.0,0.0,36.5,24.0
2022-01-12,2.0,34.7,24.3,7.6,28.7,23.2,0.0,35.5,22.5,11.5,32.6,23.3,1.4,29.9,23.5,0.2,32.5,21.0,0.0,34.6,22.7,0.6,36.6,23.4
2022-01-13,40.0,31.8,22.8,8.6,27.0,22.2,0.0,32.8,24.2,36.2,29.1,23.5,20.2,28.4,22.7,6.7,28.0,19.5,15.8,31.3,22.5,5.5,32.2,22.5
2022-01-14,0.0,29.0,23.4,0.0,28.0,23.4,0.0,34.4,23.4,0.0,30.3,24.4,0.0,30.0,22.5,0.0,29.5,18.0,0.2,27.6,22.2,0.0,32.3,23.0
2022-01-15,9.2,27.7,23.6,37.2,29.4,22.9,0.0,33.4,24.3,1.0,30.6,23.7,10.6,30.8,23.0,2.8,30.5,19.0,0.8,29.2,22.7,0.0,31.4,23.2
2022-01-16,17.5,27.0,24.0,6.6,28.6,23.8,0.1,32.7,24.2,3.3,30.9,24.5,12.4,29.0,22.5,24.6,28.5,19.0,2.2,26.9,24.2,3.8,32.2,22.6
2022-01-17,1.0,29.0,24.4,30.3,28.5,23.0,0.0,33.5,24.0,2.3,31.9,23.5,6.3,28.5,23.5,0.2,29.8,19.3,2.2,27.245454545454542,24.07272727272727,3.0,31.2,22.3
2022-01-18,0.0,33.0,24.3,15.4,28.2,22.9,0.0,33.8,23.8,1.5,30.5,24.4,12.2,29.4,22.6,0.8,30.8,18.8,2.2,27.59090909090909,23.945454545454545,0.0,33.4,23.5
2022-01-19,0.0,32.1,23.8,1.5,30.2,23.2,0.0,33.2,22.0,0.4,31.6,23.7,0.2,30.6,22.5,0.0,29.0,17.0,2.2,27.936363636363634,23.818181818181817,0.0,34.4,23.4
2022-01-20,0.0,33.2,23.9,0.4,30.4,24.3,0.0,31.0,24.3,0.0,32.0,25.0,5.0,33.5,21.2,0.0,32.0,15.8,2.2,28.28181818181818,23.69090909090909,0.0,33.4,23.2
2022-01-21,0.0,33.2,24.8,2.8,31.0,24.2,1.1,31.3,21.2,0.0,32.4,24.0,0.4,31.8,23.4,0.0,32.5,18.5,2.2,28.627272727272725,23.563636363636363,0.0,32.8,23.6
2022-01-22,0.0,30.9,25.0,8.6,30.0,23.2,0.0,34.0,24.2,2.0,32.0,24.5,4.5,32.0,23.6,0.0,31.5,18.5,2.2,28.972727272727273,23.436363636363637,0.0,32.4,23.3
2022-01-23,0.4,32.6,25.3,19.5,26.8,23.0,0.0,33.4,24.0,0.0,32.1,24.6,6.0,27.7,24.0,0.0,30.0,19.0,2.2,29.318181818181817,23.30909090909091,0.0,31.3,23.8
2022-01-24,0.3,30.2,24.7,81.6,27.4,24.0,7.8,32.0,24.0,1.2,31.6,24.2,80.4,29.1,23.5,4.2,30.4,19.5,2.2,29.663636363636364,23.181818181818183,10.6,33.8,22.9
2022-01-25,2.6,32.0,26.0,59.8,27.8,24.5,18.4,31.3,23.4,3.0,28.0,24.2,3.8,30.4,24.1,9.6,28.4,19.9,2.2,30.009090909090908,23.054545454545455,1.0,30.6,24.0
2022-01-26,0.8,31.5,25.2,3.0,31.0,24.6,17.5,33.2,23.7,17.0,32.7,23.7,1.4,32.2,24.8,0.0,30.8,19.4,2.2,30.354545454545452,22.92727272727273,0.0,34.2,22.8
2022-01-27,13.0,31.3,23.4,4.5,29.0,24.3,12.2,34.1,23.5,1.6,32.0,24.2,10.2,30.1,22.6,8.6,32.5,18.0,0.0,30.7,22.8,18.2,34.1,23.1
2022-01-28,0.2,32.7,24.0,5.0,29.5,24.4,0.0,35.0,23.0,2.2,32.8,24.6,5.1,31.9,22.7,1.2,31.6,18.0,0.0,32.4,22.1,10.6,33.8,23.0
2022-01-29,0.0,32.9,25.6,0.0,29.6,24.7,0.0,34.5,23.4,0.0,31.8,24.0,0.0,34.7,23.7,0.0,32.5,20.0,0.0,33.0,22.4,0.0,34.2,23.3
2022-01-30,0.0,33.1,25.0,0.0,32.2,24.6,0.0,35.6,23.0,0.0,32.4,23.5,0.0,32.0,23.3,0.0,31.0,18.0,0.0,33.7,22.9,0.0,33.1,23.8
2022-01-31,0.0,34.0,25.7,0.0,30.6,25.2,0.0,34.3,24.5,0.0,33.0,25.8,0.0,32.1,22.5,0.0,33.8,18.4,0.0,33.3,24.6,6.4,33.7,22.8
2022-02-01,0.2,31.9,24.0,0.0,31.0,24.8,0.0,34.8,23.5,0.0,32.1,26.0,0.0,31.4,21.6,0.0,30.3,17.4,0.0,29.3,20.6,0.0,32.5,23.5
2022-02-02,0.2,30.1,24.5,10.4,31.0,24.5,0.0,34.5,23.0,0.0,32.3,26.5,0.1,31.0,22.6,0.0,31.0,18.0,0.0,28.9,24.8,0.0,32.8,23.4
2022-02-03,3.6,29.8,24.0,6.0,31.0,18.6,0.0,31.8,23.8,2.1,31.2,25.0,4.8,31.3,23.3,7.2,31.0,19.0,0.0,29.4,23.4,0.0,32.4,23.6
2022-02-04,2.9,26.8,24.0,16.4,28.0,23.1,14.2,32.5,23.5,5.7,28.6,25.0,10.0,26.7,22.4,5.7,26.0,17.8,3.4,28.2,24.6,0.0,31.6,22.8
2022-02-05,0.0,33.0,25.4,8.0,30.0,24.5,0.0,34.0,23.5,0.4,30.2,24.8,10.8,31.8,22.6,0.0,30.5,19.5,0.0,32.3,24.9,0.0,34.4,22.4
2022-02-06,0.0,32.8,25.3,8.8,29.0,23.2,0.0,35.4,24.0,0.0,29.7,25.5,10.6,30.5,21.6,0.0,30.0,17.5,0.0,33.4,24.5,0.0,33.7,22.6
2022-02-07,2.2,32.0,24.3,2.3,31.0,24.5,0.0,35.5,24.3,0.0,31.7,26.0,9.1,33.0,23.2,3.0,30.0,18.0,0.0,33.3,24.2,0.0,35.0,22.4
2022-02-08,0.0,30.2,24.1,48.0,28.0,22.9,3.5,35.0,23.5,8.3,32.0,25.2,24.5,28.3,23.2,20.3,28.5,19.0,0.0,31.5,24.0,2.6,34.8,23.6
2022-02-09,0.8,31.3,24.8,98.2,28.7,23.6,4.8,34.4,24.6,0.8,29.8,25.0,44.9,29.3,23.3,9.0,30.5,19.0,10.2,31.3,24.0,3.1,34.4,22.8
2022-02-10,0.0,31.1,25.3,20.6,27.6,22.8,1.0,32.7,24.8,2.2,28.8,24.5,3.3,28.6,23.8,0.0,29.0,19.8,0.0,32.3,23.3,0.0,32.4,23.1
2022-02-11,18.6,32.3,24.7,29.6,27.5,23.6,23.6,35.0,24.0,7.7,31.4,25.1,4.2,28.8,23.4,6.4,27.5,19.0,2.2,33.5,23.0,0.0,33.1,23.6
2022-02-12,2.6,31.0,24.8,1.6,28.8,24.2,1.2,32.0,24.2,0.8,32.3,24.9,4.0,31.5,22.0,0.6,31.0,18.0,0.0,33.7,23.7,4.1,33.4,23.0
2022-02-13,0.0,30.9,23.6,1.2,30.4,24.1,0.0,32.5,23.6,0.0,31.5,24.0,0.0,33.1,22.0,0.0,28.8,17.1,2.8,30.0,22.0,16.6,31.8,23.2
2022-02-14,0.0,33.4,25.0,0.0,30.6,24.2,0.0,33.9,23.6,0.3,32.9,25.0,0.2,33.0,22.5,0.0,31.2,16.6,0.0,34.6,22.1,0.0,34.2,23.2
2022-02-15,1.0,29.9,23.9,0.0,31.5,24.0,0.0,34.0,24.0,0.0,32.7,26.2,0.0,32.0,22.9,5.6,29.6,17.4,10.2,33.6,21.8,1.2,35.2,22.8
2022-02-16,0.0,33.5,24.8,0.0,31.0,23.4,0.0,33.2,23.0,0.0,32.7,25.2,0.0,31.7,21.4,0.0,33.0,16.0,0.0,33.1,24.0,0.0,35.5,22.2
2022-02-17,0.0,32.2,24.3,5.2,31.8,24.0,0.0,35.9,23.8,0.0,32.9,24.6,0.0,32.5,21.8,0.0,31.5,16.9,0.0,31.0,21.2,0.0,34.1,22.9
2022-02-18,6.2,30.7,24.8,3.7,31.0,24.2,0.0,33.8,24.5,0.0,31.5,23.6,4.0,31.7,23.0,2.2,29.8,19.0,15.2,31.7,23.2,1.6,33.3,23.3
2022-02-19,9.0,29.0,24.3,6.3,31.2,24.5,4.7,33.0,23.5,0.0,28.5,24.6,3.2,31.4,22.5,8.6,25.0,17.0,26.6,24.6,21.9,2.6,30.3,23.0
2022-02-20,38.8,28.0,24.0,124.8,29.7,22.0,6.0,30.0,22.8,6.6,32.5,23.1,17.5,30.0,22.5,23.0,27.5,17.1,3.4,27.2,22.0,2.0,30.6,22.2
2022-02-21,0.0,31.1,24.4,14.3,30.0,23.6,0.0,33.0,24.7,0.2,30.0,24.2,0.9,31.5,22.7,0.0,29.5,17.9,0.0,30.2,23.2,0.0,32.8,22.7
2022-02-22,0.0,31.0,23.8,19.0,31.2,23.0,0.0,35.1,23.0,0.0,31.4,23.6,0.2,31.5,22.4,0.3,29.4,15.4,0.2,30.2,22.2,0.0,32.6,22.0
2022-02-23,0.2,30.4,24.2,20.4,30.4,19.2,0.0,36.0,23.5,0.0,32.5,25.6,0.1,31.1,23.2,0.0,30.5,19.0,0.0,31.8,23.8,0.0,33.0,22.2
2022-02-24,8.0,32.7,23.7,11.8,28.2,23.0,12.1,34.2,23.6,11.6,32.0,24.4,23.6,28.5,22.7,26.6,29.0,18.0,0.2,32.7,22.0,21.8,33.1,22.7
2022-02-25,1.2,28.6,23.7,5.8,30.0,24.2,0.0,33.6,23.5,0.3,28.9,25.5,1.2,28.7,22.6,4.6,25.5,19.0,5.0,27.1,22.8,0.2,30.4,22.9
2022-02-26,2.7,30.7,24.2,24.0,29.2,23.1,0.0,34.5,23.8,2.7,31.5,24.6,9.3,29.5,23.0,6.8,28.0,19.0,0.0,31.7,24.3,0.0,32.4,23.2
2022-02-27,46.0,29.0,23.8,44.0,30.0,23.0,10.8,34.6,24.0,15.1,30.1,23.8,23.7,31.1,23.6,24.2,28.5,19.2,1.6,29.8,23.0,1.4,33.4,22.6
2022-02-28,7.3,33.2,24.4,6.7,29.6,23.5,8.4,34.0,23.1,1.2,30.0,25.4,0.8,32.0,22.6,3.6,31.8,18.6,1.0,31.8,23.8,1.5,33.8,22.4
2022-03-01,1.6,29.8,24.5,4.1,31.0,23.7,0.0,34.4,24.1,0.0,31.5,26.0,1.4,32.2,23.3,2.3,27.0,18.1,0.0,31.6,24.0,0.0,33.8,22.6
2022-03-02,0.1,32.7,25.3,30.7,29.4,24.4,0.0,36.0,24.2,2.9,32.6,25.3,1.6,30.2,23.6,1.5,32.4,19.8,0.0,33.3,24.0,0.0,33.4,23.0
2022-03-03,0.0,32.0,24.4,16.3,27.0,24.0,11.6,35.6,24.5,0.6,32.7,25.7,0.0,32.2,22.4,3.0,30.0,18.0,0.0,32.7,22.2,1.5,34.4,23.4
2022-03-04,4.6,34.0,25.0,31.7,30.1,23.7,0.0,33.5,23.5,19.3,33.2,24.6,0.0,31.2,23.5,0.0,33.5,19.0,0.0,32.6,22.4,0.0,34.2,23.7
2022-03-05,1.5,32.3,24.8,95.2,28.0,22.4,0.0,33.5,25.0,15.4,32.9,24.4,21.4,29.7,24.1,33.5,31.6,19.8,4.9,33.4,22.6,12.1,35.1,22.9
2022-03-06,15.8,32.0,24.7,191.3,26.6,21.6,1.0,33.5,24.1,6.0,28.8,24.1,40.6,27.5,23.8,4.8,28.0,19.6,12.6,30.2,21.8,4.1,32.4,23.0
2022-03-07,11.4,32.6,25.4,3.5,30.2,22.5,24.1,32.5,24.4,21.1,29.5,24.7,34.5,31.5,23.7,23.2,32.0,19.8,7.0,30.1,23.2,2.2,33.0,23.8
2022-03-08,0.0,31.9,25.4,53.6,28.5,20.0,9.7,29.0,24.5,0.7,31.9,25.7,3.1,31.2,24.8,0.5,30.5,19.6,13.2,32.1,23.0,52.5,33.4,23.5
2022-03-09,0.0,30.8,25.2,18.0,28.2,22.5,18.8,31.1,24.0,58.6,30.7,23.4,5.3,31.0,24.3,8.0,32.0,19.0,1.4,29.6,22.0,9.8,32.4,23.0
2022-03-10,0.0,32.6,25.0,4.8,28.5,24.3,0.5,34.0,25.2,1.1,30.9,25.0,0.0,32.2,24.9,0.0,31.5,19.6,0.0,30.6,22.3,0.0,32.3,23.6
2022-03-11,0.0,33.3,25.3,0.3,31.0,24.5,0.0,34.6,25.0,0.3,32.5,24.5,6.2,31.6,24.6,0.6,32.8,19.5,0.0,32.7,21.7,0.0,34.1,23.4
2022-03-12,0.1,32.1,25.7,0.0,31.0,22.6,0.0,34.8,24.3,0.0,33.4,23.8,0.0,33.1,24.5,16.8,32.5,19.0,0.0,32.9,23.2,3.6,33.8,22.8
2022-03-13,0.0,33.7,25.3,6.6,32.0,24.4,0.2,33.7,24.7,6.2,33.3,24.4,0.0,33.1,25.0,0.0,33.0,19.8,0.0,32.8,24.4,1.8,33.4,23.2
2022-03-14,1.4,34.1,25.8,9.6,29.0,24.6,0.0,33.8,25.1,0.0,32.2,25.0,11.8,32.1,24.7,2.5,32.0,19.9,0.0,32.0,23.3,28.2,34.3,22.8
2022-03-15,0.0,33.2,26.1,6.1,31.0,25.2,0.2,31.8,21.0,0.1,31.5,24.5,0.5,32.0,24.2,9.1,33.0,19.7,0.0,33.0,22.7,0.0,34.2,24.4
2022-03-16,0.0,33.4,26.0,7.2,31.0,23.0,0.0,35.0,23.8,55.2,32.9,24.9,9.1,33.0,23.4,18.9,31.8,18.5,0.0,34.3,22.5,0.3,33.6,24.7
2022-03-17,4.4,30.1,24.2,0.0,32.1,25.0,0.3,34.4,24.0,0.0,32.9,25.4,0.9,33.0,23.8,0.3,29.4,19.8,4.3,29.6,23.5,0.0,33.8,24.4
2022-03-18,0.0,33.1,25.9,0.0,30.2,25.0,0.2,35.5,25.5,29.2,33.2,25.4,0.0,34.9,24.3,0.0,32.5,18.4,0.0,29.9,22.0,0.0,33.2,24.6
2022-03-19,0.0,33.8,25.7,0.0,31.0,25.2,4.5,33.0,22.0,4.4,33.0,25.2,2.4,33.0,23.9,0.0,32.6,18.5,2.2,33.6,24.6,5.2,33.3,22.8
2022-03-20,19.5,31.1,25.0,12.0,28.2,24.6,28.6,33.2,24.4,1.4,33.0,25.2,10.8,33.0,24.0,0.6,29.5,19.7,11.2,31.3,23.6,9.4,33.8,22.8
2022-03-21,2.1,30.8,24.9,7.0,31.8,21.0,20.1,31.0,23.5,16.1,32.5,24.6,17.7,32.6,23.7,1.1,27.5,18.4,4.6,29.1,22.5,5.0,33.4,23.4
2022-03-22,0.0,34.0,26.0,9.4,31.0,23.9,0.0,34.8,25.1,0.0,33.3,25.2,0.0,32.5,24.0,0.0,33.0,19.4,0.0,31.9,23.6,0.2,34.0,24.3
2022-03-23,0.0,32.1,25.8,0.0,32.0,25.0,0.0,34.7,24.0,0.0,33.5,24.0,0.0,33.9,23.0,0.0,31.9,17.0,0.0,32.6,23.4,0.0,33.6,24.2
2022-03-24,0.0,32.0,24.7,11.6,31.2,22.5,9.6,32.5,24.8,0.0,33.7,25.5,6.0,31.4,23.8,0.0,30.0,19.0,0.2,32.2,23.5,0.0,34.2,23.8
2022-03-25,0.0,32.8,25.7,1.6,32.2,25.0,10.8,32.9,25.5,4.4,33.6,26.2,0.7,33.3,23.0,0.0,31.5,17.8,0.0,31.5,23.8,0.0,33.4,24.0
2022-03-26,2.9,29.0,23.4,28.8,31.2,23.5,3.5,34.2,24.6,0.7,33.4,23.8,29.1,31.6,24.0,31.0,29.0,19.0,0.0,30.3,22.6,0.2,33.3,23.3
2022-03-27,6.2,28.4,24.0,51.8,27.2,24.0,13.1,33.2,24.5,3.5,30.3,24.5,17.0,27.9,23.5,6.0,26.0,18.7,36.4,29.8,22.8,0.0,31.4,23.2
2022-03-28,0.0,31.7,24.8,0.4,29.8,25.0,10.5,30.4,24.8,43.4,30.5,23.8,0.0,32.6,24.1,3.8,31.0,20.8,0.0,31.7,22.6,0.0,34.5,23.1
2022-03-29,15.8,34.0,24.4,0.0,32.0,24.8,0.0,34.8,24.4,17.7,33.1,24.2,0.0,33.6,22.9,0.0,32.0,17.0,0.8,32.3,23.0,8.4,34.5,23.5
2022-03-30,0.0,33.9,25.2,7.5,29.6,22.4,0.0,34.5,23.5,1.1,33.0,24.1,0.2,32.8,23.3,0.0,32.5,18.8,0.0,31.9,21.8,0.0,34.5,23.8
2022-03-31,0.2,34.0,25.4,17.3,30.9,23.5,0.3,34.3,25.5,1.0,34.1,25.4,0.0,32.0,24.2,4.0,33.0,19.0,0.0,31.7,22.1,0.0,33.6,24.0
2022-04-01,0.6,31.8,25.5,26.9,31.2,22.8,0.0,35.8,24.5,15.3,31.8,25.1,3.2,32.3,25.0,3.3,32.0,18.5,0.0,30.6,22.8,1.7,33.8,24.0
2022-04-02,30.3,31.7,24.5,25.5,29.0,22.5,33.2,35.4,24.2,38.3,33.2,23.5,11.0,31.1,24.0,34.2,31.8,19.5,38.8,29.3,22.4,13.5,33.0,23.4
2022-04-03,0.0,32.4,25.4,23.6,30.6,21.9,0.0,32.6,24.0,30.9,30.9,24.0,9.1,31.5,24.5,0.0,31.5,19.8,0.0,30.3,22.8,1.0,33.1,23.8
2022-04-04,0.0,33.7,25.8,7.5,31.0,24.0,0.7,33.5,25.0,14.1,32.8,24.5,24.8,32.0,24.6,1.0,33.0,19.6,2.6,32.6,22.9,0.2,34.5,23.2
2022-04-05,31.6,30.7,24.0,82.8,27.8,20.2,17.2,32.0,24.0,92.6,29.5,23.1,65.0,27.3,23.8,34.9,26.6,19.8,28.4,28.8,22.2,14.0,30.5,23.4
2022-04-06,5.4,30.0,24.8,60.5,28.0,22.0,3.6,32.3,24.0,2.2,28.3,23.8,5.6,28.5,24.0,18.0,24.0,18.7,2.0,29.0,23.6,2.0,31.5,23.8
2022-04-07,0.5,31.0,25.0,48.9,29.0,22.5,13.4,32.4,24.8,72.2,30.0,23.7,22.0,30.5,24.0,32.8,29.0,19.0,6.0,27.4,23.0,16.1,29.0,23.4
2022-04-08,3.6,31.1,25.5,6.7,28.8,23.0,2.1,32.0,24.7,11.5,30.5,24.0,9.8,29.8,24.0,24.8,25.0,20.0,2.2,30.6,23.4,36.5,33.4,23.3
2022-04-09,0.8,32.5,26.0,43.9,29.0,21.9,13.0,32.8,24.3,1.0,30.7,24.0,1.5,30.8,24.0,0.6,26.5,19.8,2.4,29.9,22.0,24.4,31.8,23.1
2022-04-10,5.7,32.4,24.7,11.9,28.7,23.4,42.0,31.0,24.8,5.9,31.2,22.7,0.0,31.5,23.5,0.0,28.8,20.5,3.9,30.2,22.7,55.3,30.8,23.6
2022-04-11,0.1,32.4,23.5,2.0,31.0,19.0,58.5,31.0,24.4,27.3,31.5,23.5,0.0,34.1,24.2,64.0,25.5,19.0,2.0,32.3,21.9,55.8,31.4,23.2
2022-04-12,1.0,32.8,23.2,17.6,29.5,22.2,5.3,31.2,23.0,13.6,27.9,24.0,3.8,32.5,24.0,2.3,26.4,19.5,0.0,30.6,22.7,40.7,32.4,23.0
2022-04-13,0.0,32.8,24.3,0.0,31.0,22.5,0.0,32.0,22.4,0.0,31.5,23.6,0.4,30.8,23.0,0.0,28.0,18.0,0.2,31.0,22.2,0.0,32.6,23.4
2022-04-14,0.0,32.8,24.0,0.0,30.9,24.8,0.0,33.2,22.3,0.0,31.3,23.0,0.0,31.8,23.8,31.4,28.0,18.0,0.0,31.6,21.3,0.0,32.8,23.0
2022-04-15,0.0,34.0,25.2,0.0,33.0,25.3,0.2,32.5,23.5,0.0,32.9,23.7,0.0,32.5,24.2,6.2,29.0,19.0,0.0,31.4,22.0,0.0,32.4,22.9
2022-04-16,37.6,33.4,24.0,0.0,31.2,25.2,0.0,32.5,24.4,7.1,32.7,24.0,0.0,33.1,25.0,15.8,31.0,19.5,0.0,32.0,23.0,7.8,33.4,23.4
2022-04-17,21.6,33.0,22.5,16.8,33.0,24.5,0.0,32.6,25.2,0.0,32.8,24.3,0.0,33.3,23.0,14.6,29.8,18.0,2.6,31.7,23.8,1.0,33.2,23.0
2022-04-18,0.6,32.2,25.5,1.8,31.8,24.5,6.2,34.5,25.3,0.0,32.8,24.5,4.8,33.1,24.3,3.0,31.5,19.8,0.0,33.5,24.5,21.0,33.5,23.0
2022-04-19,19.7,31.0,23.0,31.6,31.5,24.4,16.2,33.8,25.0,0.3,32.8,25.5,4.3,30.8,24.1,6.1,30.5,19.9,0.0,32.0,24.2,24.8,33.7,24.0
2022-04-20,0.0,32.6,22.3,0.9,31.1,24.0,0.0,34.6,24.7,75.8,33.4,25.0,4.2,32.2,24.0,0.0,32.0,19.2,0.0,33.1,22.8,0.9,34.0,24.2
2022-04-21,0.0,34.3,23.6,9.4,32.0,25.0,2.4,33.8,25.2,23.6,32.6,25.6,15.6,32.3,23.2,4.2,33.5,19.0,2.4,33.1,23.9,42.4,34.2,23.8
2022-04-22,0.0,32.9,24.3,1.1,31.5,25.4,0.0,33.0,24.4,1.2,33.3,25.8,0.0,32.8,23.8,0.0,31.5,18.6,2.0,31.3,23.4,4.8,33.4,23.6
2022-04-23,0.0,32.3,24.3,0.2,32.0,25.2,0.2,33.0,25.3,0.0,33.4,24.4,0.0,33.5,24.5,0.0,31.5,18.0,0.0,28.5,22.7,0.0,33.8,24.8
2022-04-24,0.0,33.8,23.0,0.5,31.3,25.0,0.2,33.0,24.5,2.0,34.0,24.2,0.0,33.0,24.5,0.0,32.0,18.4,0.0,33.3,22.1,1.8,34.5,23.5
2022-04-25,7.0,33.2,24.2,14.6,32.3,23.8,0.2,34.8,25.0,42.7,33.9,24.3,8.0,34.5,25.2,4.5,32.3,20.0,0.0,33.4,23.3,37.8,35.4,24.0
2022-04-26,17.0,32.8,23.2,33.0,30.2,24.0,8.3,33.5,24.4,24.6,32.3,24.6,35.4,32.1,24.1,4.4,31.0,20.4,1.6,30.3,23.5,56.4,34.2,23.0
2022-04-27,14.2,30.8,25.3,15.4,31.1,23.0,62.5,34.9,24.4,17.0,31.6,24.4,93.4,31.8,22.4,16.6,32.0,20.0,2.6,31.8,22.9,0.0,34.5,23.2
2022-04-28,9.7,31.0,25.0,4.2,28.8,24.8,1.2,32.3,25.1,5.8,30.8,23.4,0.4,31.4,24.0,6.6,31.0,19.5,0.0,31.6,23.8,16.4,34.5,23.0
2022-04-29,7.0,33.2,25.2,0.1,31.8,24.8,2.8,34.1,24.5,40.7,33.6,23.2,0.5,33.4,22.8,0.0,30.0,19.5,1.8,33.7,23.0,48.2,34.2,23.2
2022-04-30,2.2,29.8,25.0,8.2,30.2,25.0,0.0,32.1,24.1,0.4,34.0,24.4,43.1,31.4,23.0,0.8,30.5,18.0,0.0,30.7,22.4,0.6,32.4,23.6
2022-05-01,0.1,31.7,23.2,23.4,30.0,24.8,0.0,35.0,24.4,0.0,33.2,25.8,20.4,28.8,23.5,8.4,30.0,18.0,0.0,32.0,24.0,0.3,33.4,22.9
2022-05-02,0.0,30.2,23.1,29.0,28.0,23.6,0.1,33.3,25.3,0.0,33.2,25.0,28.4,25.7,23.3,0.8,27.5,19.5,9.8,31.6,23.0,10.4,34.2,22.9
2022-05-03,0.0,29.3,25.0,3.0,28.0,23.8,0.7,33.4,24.0,0.0,31.9,25.8,4.4,27.6,22.8,0.6,29.0,19.0,7.4,29.2,22.4,42.7,33.5,23.2
2022-05-04,0.0,29.9,24.8,136.8,31.4,23.0,8.8,35.0,24.9,41.2,33.0,24.4,5.8,31.3,24.5,18.8,25.5,18.5,0.0,31.9,23.6,3.0,34.5,24.3
2022-05-05,0.6,31.9,25.0,10.9,29.0,24.0,19.2,33.2,24.5,3.0,32.8,25.4,1.8,29.0,23.0,13.0,29.5,18.5,0.0,33.1,23.0,26.3,34.2,23.2
2022-05-06,0.0,33.9,25.8,12.8,32.0,24.2,4.4,33.3,24.0,0.0,33.8,26.4,2.4,33.2,24.0,0.5,32.0,18.5,0.0,33.8,24.4,0.0,34.6,23.2
2022-05-07,0.9,32.9,26.2,10.0,29.7,24.6,0.3,34.5,25.3,1.1,33.0,27.0,5.5,32.7,25.0,3.0,32.0,20.0,0.2,33.7,24.7,2.4,34.6,23.8
2022-05-08,47.0,33.0,22.7,24.2,30.0,25.0,5.2,34.5,24.5,0.9,33.2,27.1,9.0,32.6,24.5,19.0,29.5,20.0,7.6,32.0,24.4,47.7,34.1,23.5
2022-05-09,0.4,29.5,23.8,20.9,29.8,22.6,9.9,31.3,25.0,5.1,31.9,26.1,19.5,32.6,24.2,0.4,29.0,20.8,0.4,28.9,24.3,0.0,32.4,23.2
2022-05-10,0.0,31.8,23.2,1.0,31.0,24.3,53.6,32.0,23.4,6.8,32.2,24.5,18.7,32.5,24.1,0.0,29.5,20.0,0.0,30.6,23.4,57.6,32.3,23.0
2022-05-11,1.2,33.1,25.5,0.0,32.1,24.8,0.1,33.8,24.0,0.0,33.5,26.6,0.0,32.5,25.0,0.0,33.0,20.0,0.0,32.5,24.7,0.0,33.2,24.5
2022-05-12,0.0,32.6,26.0,5.7,32.0,23.9,10.8,33.6,25.0,102.7,34.2,24.8,1.3,34.5,25.6,0.0,31.5,20.0,0.0,32.2,22.8,65.0,34.6,23.4
2022-05-13,0.0,33.4,25.8,0.0,31.0,25.7,0.0,33.2,25.3,0.0,31.0,24.2,3.6,32.0,25.2,25.0,29.5,19.8,0.0,32.3,22.9,4.4,33.8,23.2
2022-05-14,12.2,32.2,25.0,49.0,32.0,23.2,0.0,34.2,25.2,0.0,33.1,24.8,29.7,33.5,23.5,62.2,32.0,19.0,12.6,33.6,23.6,3.2,33.6,23.4
2022-05-15,0.0,31.0,23.7,0.2,29.0,24.1,0.0,31.6,25.0,0.0,33.0,24.8,0.0,30.5,24.5,0.0,29.5,19.7,0.0,29.4,23.7,0.2,30.5,23.0
2022-05-16,0.0,32.2,23.7,0.0,31.8,24.8,1.4,34.1,24.7,3.7,34.9,25.0,0.0,34.7,25.6,1.8,32.0,20.2,0.0,32.3,23.0,1.1,34.2,23.0
2022-05-17,0.0,32.8,26.2,0.0,33.0,24.2,0.0,34.0,24.0,15.3,33.5,24.7,5.8,34.4,24.8,1.6,32.8,21.0,0.0,31.6,23.0,10.8,33.3,24.0
2022-05-18,0.0,33.1,26.0,11.4,32.4,24.1,0.0,33.5,24.8,0.0,33.3,24.2,1.4,35.1,24.4,0.0,32.4,20.0,0.0,32.5,22.7,0.0,35.0,24.6
2022-05-19,0.0,32.1,25.5,0.0,30.1,23.5,2.8,33.1,24.3,8.6,34.5,25.6,0.0,33.5,24.5,1.2,29.2,19.2,0.0,33.4,23.3,14.4,35.4,24.1
2022-05-20,0.0,33.2,26.4,0.0,32.0,24.7,33.2,33.4,24.5,0.0,33.8,24.8,0.0,34.7,24.6,1.5,32.6,21.5,0.0,33.2,22.8,11.4,34.8,23.8
2022-05-21,0.4,32.6,25.3,0.0,33.0,24.4,5.3,33.0,25.0,0.0,32.6,24.6,0.0,32.5,23.4,6.3,31.5,19.2,0.0,33.1,22.6,0.0,32.4,23.0
2022-05-22,0.0,31.9,23.1,4.4,33.2,24.8,0.0,32.7,25.3,41.3,34.4,24.0,46.8,33.2,23.5,5.2,32.0,19.8,0.4,31.0,22.9,42.5,31.5,22.9
2022-05-23,0.0,33.6,24.4,0.0,33.0,24.5,0.0,34.0,24.6,0.5,34.3,23.5,0.0,34.3,24.4,2.5,32.4,19.7,0.0,33.5,23.1,0.0,32.3,23.3
2022-05-24,0.0,31.5,23.8,0.0,33.0,24.4,0.0,33.8,24.8,0.0,34.2,24.5,0.0,31.6,24.7,0.0,29.0,18.1,0.0,34.0,23.0,0.0,33.3,23.2
2022-05-25,0.6,30.8,25.4,0.0,32.7,25.5,0.0,34.9,24.7,0.0,34.0,24.6,0.0,32.4,24.5,0.0,29.8,19.2,0.4,27.8,21.5,0.0,32.0,22.8
2022-05-26,5.2,32.3,24.9,1.0,32.5,24.0,0.2,32.5,25.3,2.4,34.0,24.6,5.6,32.1,23.6,11.0,29.2,19.7,1.2,28.0,22.4,11.0,35.0,24.0
2022-05-27,0.0,32.5,25.1,2.4,31.0,24.5,2.8,31.9,24.0,0.0,32.0,24.4,1.8,31.2,23.6,8.2,28.3,19.0,15.0,31.0,22.6,4.0,32.0,23.6
2022-05-28,0.0,31.1,24.8,0.0,31.5,25.0,1.1,33.2,24.4,1.1,34.0,24.2,6.4,33.3,23.2,3.1,30.0,17.4,0.4,28.8,22.2,0.0,32.8,23.4
2022-05-29,48.3,33.5,22.0,12.4,33.0,24.0,2.0,32.9,26.0,16.6,34.4,23.5,10.0,32.7,24.2,7.1,30.6,19.4,7.4,32.6,22.3,31.0,34.2,22.1
2022-05-30,0.0,30.7,24.3,27.7,27.0,23.0,13.8,32.8,23.6,0.0,30.2,24.1,4.4,26.7,22.0,3.2,26.6,18.0,1.4,30.4,22.6,0.0,32.2,23.3
2022-05-31,0.0,33.0,26.4,0.0,32.0,23.6,0.0,34.3,24.0,0.0,32.9,24.0,0.0,32.0,24.8,0.0,32.2,20.5,0.0,30.4,23.2,0.0,34.5,23.4
2022-06-01,13.2,32.0,25.2,0.0,33.0,25.0,0.0,34.8,24.5,0.0,34.2,25.0,3.4,34.9,25.0,4.5,33.5,20.5,0.0,32.2,22.4,0.0,35.2,24.4
2022-06-02,0.2,32.1,25.2,0.0,33.3,24.4,0.0,33.9,23.9,7.3,32.7,24.4,42.0,35.1,23.0,15.4,32.0,19.0,0.0,33.2,21.4,5.2,35.0,23.6
2022-06-03,11.0,34.0,24.0,1.2,33.0,25.1,0.2,33.4,24.0,6.0,35.2,24.6,0.0,33.2,24.0,20.2,31.0,18.9,0.0,32.9,22.4,0.0,34.4,23.8
2022-06-04,0.0,32.7,25.0,0.4,32.3,25.0,0.6,32.5,24.9,11.0,34.8,25.2,0.3,33.1,23.6,94.8,25.2,18.5,0.0,32.9,22.9,0.0,33.8,23.0
2022-06-05,0.2,30.6,23.5,0.0,31.2,24.0,0.3,30.1,23.9,5.5,29.4,23.6,7.8,31.5,22.6,46.0,29.5,17.8,0.2,31.6,21.8,20.6,32.3,23.4
2022-06-06,0.0,32.8,25.9,0.0,33.8,24.5,0.0,34.8,23.8,0.0,34.9,23.8,8.8,33.2,24.5,0.0,31.2,20.5,0.0,33.1,21.2,0.0,33.4,23.2
2022-06-07,0.4,32.7,25.0,0.0,34.0,25.0,0.0,35.0,24.3,0.0,33.6,24.4,4.8,33.7,24.0,10.3,29.5,19.8,1.0,33.5,23.6,0.0,34.2,24.0
2022-06-08,1.2,31.0,24.3,0.6,33.4,25.0,2.4,34.4,24.5,0.0,34.2,24.5,2.2,33.7,23.6,4.2,31.0,19.2,0.0,32.6,22.0,5.6,32.3,23.2
2022-06-09,0.0,31.3,25.5,0.0,33.0,25.1,2.6,35.9,24.9,0.0,33.1,25.5,0.0,34.4,24.6,0.0,31.5,19.2,0.0,33.4,23.0,2.7,34.4,24.0
2022-06-10,0.0,33.0,25.2,0.0,33.0,25.5,8.6,33.9,22.7,0.1,33.0,24.6,6.0,34.5,24.2,8.8,31.5,19.5,0.0,33.4,21.6,0.0,33.8,24.4
2022-06-11,0.0,33.3,26.2,0.0,33.0,25.2,0.0,34.0,23.7,0.0,33.4,24.3,0.0,32.0,25.3,0.0,31.5,19.8,0.0,33.4,22.8,0.0,33.8,24.2
2022-06-12,0.1,34.3,26.1,0.8,33.0,25.6,2.9,33.2,25.0,28.6,35.0,24.0,4.4,33.0,24.8,12.6,32.8,19.4,0.0,33.8,23.9,3.0,33.4,23.2
2022-06-13,9.0,34.1,24.9,3.0,33.0,24.5,4.8,32.0,24.2,1.0,33.7,23.7,9.8,34.0,24.9,5.6,32.6,19.8,0.0,32.2,21.6,0.2,33.5,23.3
2022-06-14,0.0,32.0,24.0,5.0,30.0,23.5,0.0,34.6,24.5,7.1,33.8,23.3,6.5,32.0,23.0,1.2,30.5,18.0,0.0,33.0,21.7,0.0,33.0,23.2
2022-06-15,0.0,33.3,25.0,0.0,35.0,24.4,5.6,34.0,24.0,0.6,33.9,24.6,9.2,33.9,23.7,0.0,32.0,18.5,0.0,35.2,25.8,0.0,36.0,23.4
2022-06-16,19.9,31.5,24.0,1.8,33.0,24.0,7.0,33.0,24.1,0.0,33.8,24.4,3.2,33.4,23.6,2.0,29.8,20.2,1.4,30.3,22.5,0.2,35.0,23.5
2022-06-17,0.0,33.0,25.4,0.0,30.5,24.5,2.4,33.7,24.6,0.0,34.8,24.8,0.0,33.0,24.4,0.0,32.5,20.2,0.0,33.1,22.9,12.4,33.8,23.2
2022-06-18,0.6,33.3,25.5,0.0,33.0,25.0,0.1,34.5,24.1,0.0,34.8,24.8,0.0,34.0,24.7,0.0,32.0,20.0,0.0,34.2,23.0,0.2,33.5,23.6
2022-06-19,1.6,32.2,24.5,0.0,34.0,25.3,0.0,32.9,23.5,0.0,33.4,24.7,0.1,33.1,24.8,3.8,31.0,19.5,0.0,32.6,21.8,13.2,33.2,23.3
2022-06-20,0.0,32.0,25.6,0.0,33.0,24.6,0.0,32.2,24.0,0.9,32.4,24.6,0.0,33.1,24.0,27.5,29.3,18.5,1.8,31.3,21.6,0.0,33.0,23.2
2022-06-21,0.0,31.7,24.7,2.6,35.0,22.5,0.0,32.9,24.0,11.4,29.2,22.6,12.6,32.6,22.5,11.8,32.8,18.9,1.0,31.3,22.6,0.0,33.0,23.4
2022-06-22,0.4,31.2,24.7,1.0,29.0,23.0,0.0,33.3,23.7,0.0,33.4,22.7,0.4,28.9,23.1,6.6,28.0,20.0,5.0,31.4,22.0,0.0,32.6,22.8
2022-06-23,0.0,32.6,25.2,0.0,34.0,24.8,0.0,34.4,25.1,4.3,33.1,24.3,0.0,35.3,24.2,1.0,32.2,18.9,0.0,33.1,21.7,0.0,33.8,23.4
2022-06-24,0.0,33.4,25.8,0.0,34.0,24.8,0.0,33.9,24.7,0.0,35.2,24.6,0.0,34.5,24.4,0.0,32.5,18.6,0.0,34.0,22.9,5.6,34.4,23.4
2022-06-25,0.0,32.1,26.0,2.3,32.4,24.0,0.0,32.8,24.1,0.5,34.8,24.8,0.0,31.5,23.4,0.0,31.5,19.5,6.0,29.4,23.5,0.0,33.8,23.2
2022-06-26,13.1,31.1,24.8,0.0,33.0,24.9,1.2,30.5,24.0,6.0,34.5,23.6,3.6,33.4,23.3,51.2,30.5,19.2,0.0,30.0,23.1,16.0,32.4,23.1
2022-06-27,10.8,32.6,24.8,9.0,33.0,24.0,0.1,32.3,24.5,17.2,33.4,23.5,7.6,33.2,23.0,2.3,31.0,20.5,0.0,32.3,22.5,3.7,30.8,23.0
2022-06-28,0.0,32.8,25.7,2.0,34.0,22.0,18.2,33.4,24.0,6.4,32.4,23.4,0.1,32.4,23.9,7.8,29.5,20.5,0.0,32.9,23.2,21.5,32.4,23.3
2022-06-29,14.5,33.3,24.8,2.3,32.5,23.0,10.3,33.7,24.7,9.9,34.0,24.0,0.0,32.7,23.9,1.6,29.0,20.2,0.0,32.6,22.9,0.1,32.8,23.8
2022-06-30,0.0,32.0,24.9,0.0,33.2,24.5,5.6,33.2,24.0,0.0,33.7,24.8,5.8,33.4,24.0,0.0,31.7,20.0,0.0,31.9,22.6,0.0,32.2,23.4
2022-07-01,12.0,32.8,25.3,0.0,34.0,24.9,3.6,34.0,24.5,100.4,33.9,23.4,2.7,34.5,24.0,34.0,32.2,19.5,0.2,32.4,23.0,0.0,33.4,24.0
2022-07-02,78.6,28.4,24.5,0.2,30.5,24.3,0.0,34.3,25.6,0.0,34.8,25.2,0.0,31.5,24.1,0.0,27.0,19.0,0.6,29.1,21.1,0.1,33.2,23.3
2022-07-03,0.7,31.2,24.3,2.0,30.3,23.6,4.0,31.5,24.5,0.0,34.0,24.2,1.0,30.6,23.3,0.0,30.5,18.5,0.0,32.7,23.4,6.2,34.5,23.0
2022-07-04,2.1,32.2,24.9,0.0,31.0,24.0,1.9,32.8,25.0,12.9,35.2,24.5,2.4,32.6,24.4,28.3,29.2,20.0,0.0,31.3,22.9,0.0,32.3,22.9
2022-07-05,10.6,32.0,24.2,0.0,32.2,24.0,2.1,32.2,23.9,0.5,32.6,23.9,2.0,32.7,24.0,9.6,30.6,19.8,3.2,28.4,22.4,5.6,32.4,23.2
2022-07-06,0.0,33.4,25.4,24.8,32.0,24.0,21.7,33.0,24.2,77.1,33.5,23.6,14.2,33.4,24.1,3.1,29.0,20.0,0.0,31.2,24.0,0.0,33.4,23.8
2022-07-07,20.0,32.2,24.1,0.0,32.5,25.0,24.1,30.1,24.0,2.8,31.6,23.8,0.0,32.5,23.8,17.0,29.5,19.6,1.0,30.5,23.0,6.2,32.0,23.6
2022-07-08,4.2,32.0,25.0,0.0,31.5,25.4,0.0,30.1,23.9,0.4,30.0,23.6,20.5,32.5,23.8,46.0,29.5,19.5,5.0,29.7,22.2,1.5,32.6,23.0
2022-07-09,3.8,31.8,24.4,0.0,31.0,25.5,1.6,31.1,23.5,26.3,29.4,23.8,0.0,31.5,24.5,0.7,29.0,20.0,0.0,30.1,22.1,48.0,30.5,22.8
2022-07-10,0.0,31.7,25.7,0.8,32.0,25.2,0.5,32.0,24.5,0.0,33.2,24.4,0.0,32.0,24.5,12.0,28.0,20.2,0.4,30.5,23.3,0.2,29.7,23.1
2022-07-11,0.1,32.0,24.8,1.4,33.0,24.0,0.0,33.8,24.7,0.0,33.0,24.0,0.2,33.7,24.5,10.7,29.6,19.8,1.0,29.8,22.6,0.0,33.2,23.2
2022-07-12,0.8,30.9,24.5,0.0,34.0,25.0,1.1,34.2,24.3,6.3,33.0,23.5,0.0,32.6,23.9,8.6,30.5,18.8,6.8,32.4,22.0,1.5,33.3,23.2
2022-07-13,3.4,32.0,24.2,0.0,34.0,24.8,10.6,34.4,24.5,4.5,33.1,23.8,1.6,32.9,23.6,8.8,32.0,18.8,1.8,31.2,22.4,10.8,35.0,22.8
2022-07-14,17.0,33.8,25.3,4.5,34.5,24.4,6.2,32.6,24.5,2.8,33.8,24.8,1.2,33.9,24.6,37.3,31.5,20.3,0.6,31.4,22.5,1.5,33.6,23.4
2022-07-15,0.0,32.0,25.5,0.0,31.5,25.5,6.2,31.5,24.1,20.1,31.5,23.8,0.4,32.9,24.5,9.0,29.5,20.2,0.0,30.4,23.0,20.3,33.4,23.0
2022-07-16,47.0,30.7,24.4,0.0,33.0,24.1,0.4,33.1,25.0,0.0,33.0,24.0,0.6,32.5,23.6,8.1,29.4,19.8,5.9,29.7,22.8,19.2,31.5,22.8
2022-07-17,17.3,32.8,25.0,25.4,33.0,22.2,15.0,33.2,23.5,0.7,33.0,24.8,66.7,33.0,23.5,9.6,31.5,20.0,8.4,30.0,23.0,63.0,32.0,22.8
2022-07-18,0.6,30.0,25.0,0.7,31.5,23.0,2.2,30.8,24.0,3.9,30.4,23.7,5.0,31.9,24.1,21.0,29.0,19.8,0.2,28.6,24.0,13.4,30.0,22.4
2022-07-19,12.1,33.4,24.4,2.2,32.0,25.0,0.3,32.3,23.5,0.0,32.9,24.0,0.0,32.8,24.5,8.6,31.0,19.0,0.0,32.5,23.6,0.0,32.6,23.6
2022-07-20,0.0,32.6,26.4,0.4,31.0,25.0,0.0,33.2,23.9,0.0,33.4,24.5,0.0,32.5,24.5,0.0,30.5,19.2,0.0,29.9,22.1,0.0,34.2,24.7
2022-07-21,0.4,33.0,26.1,7.0,33.0,23.5,0.2,33.3,25.0,0.0,34.6,24.8,0.0,34.1,24.4,0.0,32.3,19.0,0.0,32.1,23.8,7.3,33.6,23.2
2022-07-22,15.0,31.4,24.7,68.2,31.0,22.0,2.9,34.8,24.7,0.7,35.0,24.6,0.0,33.4,23.5,1.0,31.0,20.5,1.2,31.7,22.2,8.6,33.0,23.0
2022-07-23,1.4,32.0,25.0,0.0,33.0,25.2,1.6,32.2,24.0,0.0,33.8,24.2,1.0,33.3,23.5,68.6,31.5,19.0,0.0,30.8,23.1,0.0,33.9,23.2
2022-07-24,9.0,32.3,25.4,0.1,31.0,24.6,0.0,33.4,24.0,0.0,33.8,23.5,0.0,33.6,23.5,0.0,29.0,19.2,0.0,30.6,23.0,0.0,33.4,23.3
2022-07-25,1.0,32.0,25.0,0.0,32.5,23.5,0.0,32.7,23.8,0.3,33.0,23.8,2.2,33.1,24.2,11.2,29.5,20.0,0.0,32.1,22.4,0.2,32.8,23.0
2022-07-26,36.0,32.2,24.2,0.0,35.0,24.0,4.3,34.4,26.0,1.4,33.5,24.5,0.0,33.6,23.4,29.6,31.5,20.0,31.1,32.5,23.0,4.0,33.4,23.8
2022-07-27,0.2,31.7,25.2,0.0,33.8,24.2,0.0,34.0,23.7,23.8,32.7,24.2,0.0,33.5,24.5,0.6,31.0,20.0,0.0,30.9,22.2,1.0,32.2,24.0
2022-07-28,0.0,32.5,24.5,0.4,33.4,25.0,0.0,32.1,23.9,0.0,32.9,24.4,0.0,34.0,24.4,2.0,30.0,19.2,0.0,31.6,22.1,0.0,33.0,23.6
2022-07-29,0.2,32.1,27.0,0.0,32.8,25.4,0.0,34.0,24.5,0.0,33.8,24.6,0.0,34.5,25.0,0.0,30.5,20.0,0.0,31.8,22.9,0.0,33.8,23.6
2022-07-30,0.2,32.3,25.2,0.0,33.0,24.2,0.8,31.5,24.5,8.6,33.4,25.0,1.8,34.0,24.6,4.2,31.5,20.0,0.8,30.2,23.2,0.0,33.2,23.4
2022-07-31,0.0,30.5,25.0,0.0,31.5,24.6,9.7,32.0,23.8,3.9,33.2,23.6,0.0,32.0,23.7,2.2,28.0,19.3,0.0,29.5,23.2,0.5,31.2,23.8
2022-08-01,2.5,33.1,25.1,0.0,33.0,24.5,3.2,34.4,24.4,36.3,34.0,23.5,5.2,33.0,24.0,0.0,31.4,18.5,0.0,31.1,22.3,7.6,33.6,23.6
2022-08-02,3.6,31.6,24.7,6.4,32.0,24.0,1.2,34.2,23.6,0.5,32.8,24.3,34.2,32.0,23.6,5.8,30.5,19.0,2.7,30.1,22.9,20.8,35.0,23.0
2022-08-03,0.0,32.3,25.5,2.8,32.0,24.0,1.7,35.3,25.3,1.1,34.3,24.5,1.8,34.8,24.0,54.6,31.5,20.5,0.0,30.8,21.1,28.0,33.8,23.0
2022-08-04,10.0,32.0,25.2,0.0,32.8,24.0,2.0,33.0,24.9,7.8,32.7,23.7,9.2,32.8,23.6,17.4,32.5,19.2,0.0,31.2,22.8,29.0,32.8,22.8
2022-08-05,3.4,28.9,24.5,21.1,31.0,22.6,0.4,29.9,24.2,20.8,33.0,23.8,7.3,33.2,23.2,8.2,31.0,19.0,0.0,29.4,22.7,18.9,30.5,23.4
2022-08-06,15.8,32.6,24.9,7.6,32.0,24.0,0.9,34.2,24.5,0.6,35.0,25.5,28.1,34.1,24.2,12.0,32.0,20.0,2.0,31.2,22.4,9.2,30.6,23.2
2022-08-07,1.2,31.6,24.0,6.5,30.0,23.5,48.2,32.7,22.5,10.6,30.8,22.6,1.3,30.8,23.5,53.8,28.5,18.8,0.4,29.8,22.2,4.4,31.4,23.1
2022-08-08,38.5,31.0,23.2,53.0,32.0,23.8,5.4,33.3,24.2,10.7,34.8,24.2,9.9,31.6,23.1,9.6,28.8,18.5,4.6,30.5,22.3,22.3,33.0,22.8
2022-08-09,65.4,33.7,23.9,2.6,29.0,23.0,0.4,31.7,23.0,0.9,33.5,24.9,1.1,30.6,23.6,0.0,29.5,19.2,0.4,32.2,23.2,0.5,31.8,23.6
2022-08-10,0.0,30.9,24.4,0.0,32.0,23.5,0.2,34.8,24.5,0.0,32.8,23.9,0.0,31.5,23.0,0.0,30.5,17.4,0.0,31.2,23.1,0.0,32.4,24.0
2022-08-11,18.7,32.0,24.4,0.0,33.5,25.0,0.2,34.1,24.7,5.9,35.3,23.9,0.0,32.8,23.5,22.1,32.3,19.4,0.0,31.7,22.7,0.0,33.6,23.4
2022-08-12,0.0,33.0,25.5,9.0,34.0,23.9,0.0,34.0,24.0,0.0,32.8,24.4,0.0,32.7,23.6,12.0,32.0,18.6,0.0,32.7,23.3,0.0,33.6,23.0
2022-08-13,10.2,31.5,25.1,0.0,32.0,24.6,0.0,32.6,23.8,0.0,34.2,24.8,0.2,32.2,23.1,3.5,30.3,19.6,0.0,29.9,23.4,0.0,33.0,23.5
2022-08-14,8.6,31.1,23.7,3.4,31.0,23.0,9.6,31.5,23.0,12.3,31.8,23.4,7.8,32.3,23.4,4.2,30.5,19.5,1.0,30.8,22.2,37.4,29.5,22.9
2022-08-15,0.0,31.7,25.5,0.0,33.0,23.5,0.0,33.9,24.9,0.0,34.2,23.5,0.0,32.5,24.4,0.0,28.2,20.2,0.0,31.0,24.0,0.0,32.4,23.4
2022-08-16,28.6,32.5,23.1,0.0,34.0,23.8,0.0,33.9,24.9,0.0,34.3,24.0,5.9,34.0,23.3,4.6,30.8,18.9,0.2,31.5,23.3,0.4,33.0,23.5
2022-08-17,4.6,32.7,23.7,1.0,33.8,24.0,0.0,33.1,24.6,0.3,34.0,24.1,4.0,32.5,23.8,0.3,29.0,19.0,7.4,31.0,22.4,2.6,33.4,23.2
2022-08-18,1.9,29.0,25.0,0.4,29.8,23.2,37.1,31.7,24.0,1.6,33.6,24.4,2.8,29.6,23.7,2.1,27.5,19.5,0.4,28.3,23.0,0.0,31.6,23.2
2022-08-19,0.0,33.0,25.0,1.0,31.0,24.1,0.0,31.3,24.1,0.0,33.8,23.6,0.0,32.2,23.8,4.0,30.5,20.0,0.4,32.0,22.4,0.0,32.4,23.4
2022-08-20,0.0,32.4,24.8,1.1,34.0,23.8,0.0,34.1,24.7,0.2,35.0,24.2,0.0,32.8,24.8,49.4,30.0,19.8,0.4,32.4,22.2,0.3,32.6,23.6
2022-08-21,0.0,33.0,25.4,8.6,32.9,24.9,0.0,34.5,24.3,0.7,33.8,24.2,0.0,33.0,24.1,4.0,30.0,20.0,0.0,31.6,22.3,0.0,33.4,23.2
2022-08-22,0.8,32.5,24.8,15.4,33.0,22.0,0.0,33.0,24.7,56.3,33.5,22.7,14.0,33.8,22.5,20.6,31.5,19.5,3.4,32.1,22.0,9.4,32.0,23.0
2022-08-23,0.0,32.7,25.0,0.0,31.5,22.2,4.5,33.0,25.2,9.0,33.5,23.5,0.0,32.0,24.6,0.4,29.5,19.8,0.0,30.8,22.0,7.1,30.4,23.0
2022-08-24,4.4,32.3,24.4,0.2,32.0,23.3,6.4,34.6,23.8,3.6,34.4,23.1,0.0,33.8,23.1,11.0,32.5,18.4,0.0,33.6,22.2,8.3,32.2,23.0
2022-08-25,0.0,31.5,24.8,0.4,30.0,23.7,1.8,34.0,24.8,4.6,34.4,24.0,8.8,33.5,23.4,0.0,31.8,19.0,0.0,32.7,21.6,3.8,34.2,23.6
2022-08-26,0.0,32.8,25.2,0.2,32.0,24.6,0.4,33.2,24.5,40.1,33.0,23.4,3.0,32.5,23.6,22.6,31.0,18.1,0.0,33.9,21.9,4.0,33.2,23.0
2022-08-27,0.0,32.7,24.8,0.0,33.4,23.0,0.4,33.1,24.5,3.0,34.4,23.6,0.0,34.0,24.0,0.0,31.0,19.0,0.0,32.9,22.5,0.0,33.5,23.8
2022-08-28,0.0,32.9,25.8,0.0,33.0,24.8,0.0,34.8,24.9,10.8,34.6,24.8,0.0,34.9,25.1,0.0,32.0,18.8,0.0,34.2,22.4,5.0,34.2,23.2
2022-08-29,1.0,33.0,25.5,4.8,33.0,24.8,6.6,32.5,23.6,5.1,33.5,23.5,22.2,33.5,23.5,5.6,32.8,19.0,2.4,34.8,21.8,4.0,34.5,23.0
2022-08-30,0.0,34.8,26.4,0.0,32.0,24.5,0.0,32.5,25.6,0.0,34.3,24.5,0.0,32.4,24.1,0.0,33.0,20.8,0.0,33.3,22.6,0.0,33.3,23.8
2022-08-31,0.9,33.1,25.7,0.0,34.4,24.8,1.2,33.0,24.2,0.0,33.9,24.7,0.4,33.0,24.0,15.1,32.1,18.7,0.0,33.8,22.2,0.6,33.1,22.4
2022-09-01,2.1,33.0,25.0,0.0,35.0,24.6,0.0,34.1,24.6,1.4,34.5,24.0,0.0,33.5,24.2,23.4,32.0,19.5,0.0,32.8,22.6,0.0,33.4,23.5
2022-09-02,0.0,32.5,26.2,0.0,35.0,25.5,0.0,36.1,25.0,2.8,35.0,24.6,0.0,34.0,24.5,0.0,31.8,20.0,0.0,34.0,22.9,0.0,33.7,23.6
2022-09-03,0.0,33.0,26.0,0.0,35.0,25.2,0.0,32.8,25.0,0.0,34.6,24.6,2.2,33.7,23.2,14.4,32.0,20.0,0.0,33.1,22.9,5.5,33.5,23.5
2022-09-04,3.2,31.4,24.8,0.0,34.0,25.6,6.6,33.1,24.2,0.0,33.8,24.4,5.8,33.1,24.4,23.0,30.5,18.8,0.2,30.5,22.0,15.5,33.2,22.9
2022-09-05,0.0,31.2,25.1,5.0,33.0,24.0,9.8,33.6,24.4,9.4,34.0,23.9,1.6,32.3,23.9,14.5,29.0,19.5,0.0,32.6,22.2,5.0,31.4,23.1
2022-09-06,1.4,31.2,24.4,3.5,32.0,23.6,18.5,32.0,23.7,5.8,33.4,24.5,1.3,31.7,22.8,0.6,31.0,18.5,1.8,31.1,21.5,6.2,31.6,23.5
2022-09-07,0.5,32.4,24.9,0.0,34.0,24.6,0.0,35.0,23.9,1.2,35.2,24.7,0.0,31.5,24.0,0.0,30.5,18.6,0.0,33.4,23.0,1.2,34.4,23.2
2022-09-08,11.5,32.8,24.2,0.0,32.0,24.9,1.6,32.2,23.5,2.0,33.1,24.3,4.6,33.2,23.0,52.8,32.4,20.1,0.0,34.0,21.3,9.7,32.8,23.2
2022-09-09,0.0,33.4,25.0,0.0,33.5,24.5,0.0,33.8,23.2,5.2,34.4,22.6,0.1,33.2,24.0,0.2,30.5,19.0,0.0,34.8,21.6,0.0,32.8,23.4
2022-09-10,0.0,33.0,24.6,0.0,35.0,24.6,0.0,33.7,23.2,0.7,34.0,22.4,0.0,33.4,23.2,0.0,32.0,18.5,0.0,34.3,21.2,0.0,33.6,23.4
2022-09-11,0.0,33.5,24.3,0.0,35.0,25.2,0.0,35.4,23.5,0.5,34.2,23.0,0.0,34.7,24.4,0.0,31.0,18.5,0.0,33.8,22.6,0.0,33.5,24.0
2022-09-12,0.0,33.4,26.0,0.0,34.2,25.0,0.0,33.0,23.8,0.0,34.5,24.3,0.0,33.8,23.3,0.0,31.0,19.5,0.0,34.2,22.7,0.0,32.8,23.2
2022-09-13,2.0,33.6,25.1,0.0,35.0,22.5,0.0,34.9,24.0,0.0,34.8,23.9,5.2,34.5,23.0,6.0,32.0,19.6,0.0,33.3,22.2,0.0,33.2,24.0
2022-09-14,0.2,34.0,25.6,0.8,34.0,25.0,0.6,34.6,26.0,0.0,34.2,23.7,0.0,33.6,24.5,30.2,31.5,19.0,0.4,33.0,23.8,1.8,32.9,23.8
2022-09-15,0.1,33.2,25.0,0.6,32.5,25.8,46.8,31.0,23.7,13.2,29.4,24.0,0.0,32.8,24.5,38.5,28.8,19.6,0.0,33.3,22.7,71.8,31.2,22.8
2022-09-16,0.0,33.5,26.1,0.2,32.0,24.0,0.0,34.0,24.0,0.6,31.6,23.2,0.0,33.0,23.7,20.2,29.0,17.4,0.0,32.4,23.7,0.0,32.8,23.8
2022-09-17,12.0,34.3,25.1,0.0,35.0,25.4,0.0,34.1,24.6,0.0,34.8,23.6,0.0,36.5,23.8,0.8,32.0,18.6,0.0,31.2,22.3,0.0,33.6,23.9
2022-09-18,0.0,33.7,25.9,0.0,35.0,24.8,0.0,34.0,24.2,0.0,35.0,24.4,0.0,34.2,23.6,0.4,32.2,20.2,0.0,34.3,22.7,0.0,33.6,23.3
2022-09-19,0.0,32.9,25.8,0.0,34.5,25.0,0.0,34.5,24.0,10.2,35.2,24.0,0.0,34.4,24.6,0.0,32.4,19.0,0.0,33.6,24.1,0.0,33.9,24.2
2022-09-20,2.0,33.3,24.8,0.0,34.0,22.8,0.0,35.0,25.1,12.7,34.1,24.3,6.2,34.4,22.7,4.4,32.0,18.5,0.0,34.6,23.1,0.1,33.6,23.4
2022-09-21,2.0,32.1,24.4,0.2,34.9,23.2,0.2,33.9,25.1,21.4,33.3,24.5,0.0,33.5,25.0,5.6,30.5,20.0,0.0,33.0,22.8,0.0,34.8,23.7
2022-09-22,0.0,33.6,25.4,0.0,34.5,25.0,5.2,36.0,25.0,0.0,34.3,24.4,0.0,33.2,24.0,0.0,32.5,19.0,0.0,33.4,23.3,0.0,35.0,23.4
2022-09-23,26.4,33.5,24.4,16.0,32.0,24.0,0.0,33.5,23.8,12.8,32.0,23.2,0.0,32.8,24.8,0.0,29.0,19.5,5.4,34.1,22.5,0.2,33.4,23.9
2022-09-24,0.0,32.6,25.5,14.3,33.5,24.7,10.7,34.9,25.2,53.1,32.6,23.8,0.0,34.0,24.2,21.4,28.8,19.9,1.2,31.6,23.2,10.4,33.8,23.8
2022-09-25,2.0,33.3,25.0,0.2,32.0,24.2,1.4,31.3,24.0,9.2,27.8,23.6,0.0,33.7,25.1,5.5,27.7,18.0,0.8,34.9,23.1,14.4,30.2,22.7
2022-09-26,0.0,33.3,25.8,13.6,33.0,23.8,17.8,33.0,24.7,17.0,34.2,23.8,0.7,33.0,24.7,2.9,29.0,19.0,0.0,33.0,22.6,0.0,33.2,23.7
2022-09-27,3.6,32.8,26.0,2.3,34.0,24.8,0.8,31.0,24.0,4.2,33.0,23.7,9.3,33.9,24.0,34.1,30.8,19.5,0.0,32.5,22.8,2.2,31.5,23.8
2022-09-28,12.2,31.6,23.3,3.2,31.0,22.6,1.7,33.8,23.0,0.0,33.1,24.2,0.1,32.6,23.5,2.0,29.5,19.3,3.0,33.3,22.0,0.1,33.8,23.6
2022-09-29,0.0,32.0,24.8,0.0,30.6,23.0,0.7,34.8,25.1,3.1,33.7,24.8,42.0,33.9,24.3,2.0,31.5,19.0,0.0,34.2,22.6,8.3,33.4,23.7
2022-09-30,8.4,32.3,25.2,9.0,32.0,22.2,0.0,33.8,24.5,0.8,33.6,24.3,0.4,34.1,24.0,2.8,33.0,19.0,0.0,35.1,23.3,1.2,34.8,23.6
2022-10-01,0.2,32.3,25.0,5.2,32.0,23.8,18.0,34.7,25.0,7.4,31.2,24.8,0.9,33.2,23.1,5.8,32.5,19.5,0.2,32.7,23.4,1.0,33.2,24.0
2022-10-02,1.3,32.2,25.0,2.0,33.0,24.8,7.5,34.0,24.8,82.1,34.4,23.2,2.7,34.0,24.2,9.0,31.5,18.0,14.9,29.7,22.6,43.0,34.4,23.0
2022-10-03,0.0,31.6,25.7,4.4,30.6,23.0,39.0,31.0,24.0,25.8,31.2,23.5,2.9,31.1,23.9,0.0,31.0,18.5,0.0,31.8,23.8,20.0,33.0,23.2
2022-10-04,10.4,33.5,24.4,1.6,31.5,23.2,13.0,34.8,24.5,6.0,33.4,23.5,5.6,33.2,23.0,0.0,33.0,18.8,13.0,33.1,22.0,22.8,33.3,23.0
2022-10-05,7.5,28.7,24.4,38.3,29.5,23.0,4.5,34.1,24.9,2.5,32.9,25.0,9.8,29.0,22.3,2.7,32.5,19.0,0.0,29.3,23.0,13.6,33.6,23.4
2022-10-06,0.0,32.2,25.0,0.2,32.0,24.6,2.2,32.8,24.4,98.9,34.2,23.7,0.2,32.4,24.0,1.0,30.5,18.0,0.0,33.5,23.5,0.0,34.4,24.1
2022-10-07,0.0,32.7,25.3,0.7,32.0,24.0,0.0,34.8,23.5,0.0,33.8,24.0,0.0,35.0,25.3,0.0,33.0,19.5,0.0,33.9,22.9,0.0,34.2,24.0
2022-10-08,0.0,32.8,26.4,5.2,30.0,22.9,0.0,33.5,23.7,1.3,33.0,24.8,0.0,33.0,24.8,0.0,31.5,20.8,0.0,33.4,24.7,0.0,33.0,24.4
2022-10-09,0.0,32.2,25.3,0.0,32.0,24.5,0.2,33.9,23.8,0.0,33.2,23.6,0.0,33.7,24.0,4.5,32.0,18.5,0.0,33.2,22.6,2.5,33.0,23.4
2022-10-10,19.8,33.4,24.6,0.2,33.2,24.5,0.0,33.6,24.5,0.2,34.2,24.9,0.0,33.5,24.2,10.2,30.6,20.0,0.0,33.3,23.4,0.3,34.5,23.5
2022-10-11,0.0,33.1,25.3,15.2,33.0,24.5,2.3,33.3,25.0,0.9,34.2,23.7,0.0,34.0,25.2,2.8,31.0,20.0,0.0,32.8,23.7,0.9,33.3,23.6
2022-10-12,0.0,33.6,25.9,0.0,33.0,24.8,0.1,32.0,24.4,0.0,34.2,24.1,0.0,34.0,24.8,12.6,30.6,19.0,0.2,31.6,22.8,17.5,34.0,23.7
2022-10-13,0.0,33.6,25.5,0.0,33.0,26.0,0.0,34.2,25.5,0.0,34.7,24.2,0.0,33.0,25.1,2.6,31.0,19.5,0.0,32.7,23.4,0.0,33.6,23.8
2022-10-14,4.4,34.0,24.4,52.0,33.0,24.2,0.4,33.8,23.6,0.4,35.2,24.8,0.0,34.1,24.0,21.2,30.0,18.0,2.4,32.6,23.0,17.4,33.4,23.4
2022-10-15,0.0,33.0,25.9,0.0,33.0,25.5,1.8,33.6,23.5,15.1,34.4,24.6,0.0,33.2,24.2,27.0,28.5,19.5,5.0,31.4,23.3,18.8,33.8,23.0
2022-10-16,0.0,32.4,25.2,0.0,34.0,25.5,1.8,33.1,24.5,12.1,34.4,24.0,2.1,34.4,23.7,76.6,28.2,19.2,4.2,31.3,22.8,15.0,33.0,23.2
2022-10-17,0.0,33.6,25.2,3.8,33.0,24.5,3.8,33.7,24.4,26.8,33.8,24.4,8.4,32.8,24.0,56.2,28.0,19.0,0.2,30.2,22.8,0.5,33.8,23.4
2022-10-18,4.4,32.6,26.0,0.0,32.5,24.0,7.3,31.1,24.3,0.0,33.0,24.0,15.2,33.1,24.0,15.8,29.5,19.6,0.0,30.1,24.3,0.0,33.2,23.5
2022-10-19,0.0,31.0,25.3,24.6,33.2,23.5,8.0,34.2,24.5,9.6,34.0,24.3,0.0,33.5,24.2,65.2,32.0,19.0,0.0,30.8,22.7,8.2,32.6,24.0
2022-10-20,0.2,31.5,24.9,0.0,30.5,24.5,25.9,33.9,25.3,0.0,33.1,24.6,0.0,33.0,24.0,4.5,31.0,18.5,0.4,30.4,22.7,0.0,33.6,23.8
2022-10-21,3.0,33.1,25.8,0.2,33.0,25.0,0.0,33.5,24.5,0.2,34.2,24.6,11.6,34.0,23.5,0.0,32.0,19.2,0.0,33.9,23.3,28.6,33.5,23.4
2022-10-22,1.8,32.6,25.7,51.9,30.0,22.9,6.2,34.2,24.0,91.0,34.6,24.0,30.0,32.5,24.6,0.5,32.4,20.2,1.2,33.6,23.1,16.0,33.8,23.3
2022-10-23,5.6,33.0,24.8,4.6,30.0,24.0,0.9,31.8,24.5,15.5,31.2,24.4,1.1,29.5,24.0,0.2,29.4,19.5,20.6,30.6,23.6,0.0,32.6,23.6
2022-10-24,2.4,31.8,24.9,23.0,32.0,23.0,0.0,32.9,25.4,46.4,32.9,24.3,133.8,32.0,23.5,19.6,31.0,20.0,0.8,30.0,23.5,11.5,32.4,23.2
2022-10-25,5.0,32.8,24.7,50.4,29.0,22.8,0.7,32.4,24.5,0.8,31.4,23.9,21.5,29.1,24.1,0.7,30.0,19.4,13.0,30.1,23.0,2.7,32.0,23.8
2022-10-26,10.4,32.9,25.1,6.3,28.4,23.5,12.7,32.5,25.3,9.2,29.4,24.2,2.3,30.0,24.5,0.2,29.2,19.5,22.8,29.8,22.7,1.5,33.2,24.0
2022-10-27,0.1,32.0,26.3,24.6,31.8,24.0,35.9,31.9,24.5,3.3,30.9,25.2,11.2,32.0,25.0,0.2,28.5,19.6,16.8,31.8,24.2,132.2,30.2,23.4
2022-10-28,0.3,31.0,25.1,10.7,30.0,23.8,122.4,29.0,23.3,23.1,28.2,23.6,33.3,28.5,23.4,13.2,23.0,19.0,9.0,27.2,22.6,73.8,28.0,23.1
2022-10-29,0.3,32.6,25.5,0.0,33.0,24.0,0.0,33.3,26.3,2.7,34.2,24.8,1.0,32.7,25.4,4.7,26.5,20.5,16.2,28.0,22.3,19.4,30.4,23.0
2022-10-30,0.0,32.5,25.8,0.0,33.2,24.3,0.0,33.8,25.1,0.0,35.8,24.0,0.2,34.7,25.7,0.0,31.5,18.0,0.0,31.9,22.3,0.0,33.0,23.2
2022-10-31,0.0,33.1,25.8,0.0,33.2,24.5,0.9,34.4,24.0,0.0,34.3,24.0,0.0,35.5,23.5,2.0,32.2,18.0,0.0,31.5,23.4,0.0,34.5,23.5
2022-11-01,0.0,32.1,26.3,1.0,32.0,23.6,0.0,34.6,24.1,0.2,33.6,24.4,0.8,32.6,25.5,0.4,30.0,20.5,9.0,32.6,23.5,0.0,32.8,23.0
2022-11-02,2.8,34.0,25.0,1.0,29.8,24.2,0.0,33.1,24.5,0.0,34.6,23.7,0.0,31.2,24.3,16.9,30.5,19.2,23.2,32.2,22.8,0.0,33.2,23.2
2022-11-03,2.3,27.6,23.6,7.6,30.0,23.5,11.4,33.2,24.2,0.4,32.5,24.5,2.4,27.8,22.5,2.5,25.0,18.8,0.0,30.2,22.3,0.0,30.8,23.0
2022-11-04,0.0,32.8,25.7,0.2,31.0,22.8,0.6,35.5,24.8,26.2,34.2,24.0,0.0,32.4,23.5,0.8,32.4,18.5,0.0,31.1,23.2,0.0,33.4,23.4
2022-11-05,0.2,33.8,25.0,0.0,32.0,24.2,1.4,34.7,25.0,1.1,32.5,23.4,0.0,32.7,23.7,12.0,32.0,19.1,0.0,31.8,24.3,2.8,33.0,23.0
2022-11-06,12.6,32.7,24.7,8.6,32.2,24.5,0.1,34.6,23.0,8.5,35.4,24.4,0.0,33.0,23.6,0.0,33.0,18.2,0.0,31.1,23.6,0.0,33.5,23.0
2022-11-07,0.0,33.4,24.9,3.2,31.0,24.5,0.0,34.0,24.2,1.6,33.7,25.2,6.0,32.0,24.1,2.4,32.2,18.2,0.0,31.5,22.9,0.2,33.3,23.8
2022-11-08,1.6,33.8,25.8,4.0,32.0,23.0,0.0,33.5,24.8,4.4,33.8,24.8,17.8,33.1,23.8,0.0,33.2,20.0,3.0,31.9,24.2,12.2,35.0,23.7
2022-11-09,0.0,32.6,25.3,7.6,31.0,23.6,0.4,35.4,24.5,25.8,32.4,23.4,10.0,32.0,23.6,6.2,29.5,19.8,1.4,30.8,24.0,0.7,33.6,23.6
2022-11-10,0.0,32.0,24.2,9.5,30.0,23.0,1.4,33.1,24.6,32.0,32.5,24.0,6.3,33.4,22.8,5.8,30.4,18.5,0.2,31.5,23.6,22.5,34.6,23.2
2022-11-11,0.6,30.3,23.1,20.2,31.0,24.0,0.0,35.0,24.6,4.8,32.7,25.0,18.7,31.5,22.2,10.2,30.6,18.6,0.0,33.0,23.4,11.4,33.6,23.6
2022-11-12,0.0,31.8,25.6,13.2,32.0,24.6,0.0,34.6,25.0,1.0,32.8,25.2,0.0,33.8,23.7,1.6,31.0,17.4,5.2,32.2,22.9,16.8,31.4,23.0
2022-11-13,0.0,33.3,25.5,41.0,30.0,24.2,0.0,36.4,24.7,35.3,33.4,24.4,1.3,32.0,24.0,5.8,33.4,18.5,0.0,32.9,23.7,0.0,34.8,23.0
2022-11-14,0.0,34.3,25.5,8.2,32.0,24.0,0.0,35.7,24.4,34.7,33.4,24.0,11.3,33.3,23.2,0.0,31.8,17.5,0.0,33.2,22.3,0.1,35.4,23.2
2022-11-15,0.0,33.5,25.9,0.4,31.0,24.5,0.0,34.4,25.1,3.4,33.3,24.0,0.4,33.2,24.6,0.0,33.5,19.0,0.6,31.8,22.7,0.0,34.5,22.7
2022-11-16,8.4,32.4,25.0,8.4,31.0,23.6,21.6,35.0,24.3,2.5,32.5,24.7,14.7,31.5,23.8,15.4,30.5,19.4,27.6,31.7,22.4,15.4,33.1,22.0
2022-11-17,6.9,28.9,25.0,40.8,27.9,23.8,20.4,31.6,24.4,47.2,32.2,23.7,7.0,30.8,24.6,1.6,28.0,20.0,3.6,27.4,23.4,0.0,29.2,23.4
2022-11-18,0.0,30.6,25.4,24.8,27.0,23.5,0.2,34.2,25.1,115.1,29.5,24.2,3.5,27.8,23.8,0.2,29.4,19.9,0.0,30.7,23.0,0.0,32.8,24.2
2022-11-19,0.0,29.8,25.0,0.0,30.0,23.4,1.3,32.4,24.4,5.0,31.4,23.0,0.1,32.0,24.2,0.0,29.0,19.8,4.4,29.8,22.8,3.7,31.4,20.3
2022-11-20,0.0,31.0,24.9,0.8,30.0,24.0,0.0,34.3,24.7,0.0,32.8,23.8,0.2,30.2,24.4,0.0,30.2,20.0,0.2,29.7,23.1,0.0,30.4,23.2
2022-11-21,4.3,33.9,24.7,2.6,32.0,24.5,2.3,35.0,24.0,79.4,33.7,23.1,0.0,33.3,24.3,0.7,29.8,20.5,0.0,32.3,22.9,10.2,31.8,23.0
2022-11-22,2.6,33.5,24.7,0.2,31.0,24.9,0.0,33.4,23.2,0.0,32.5,24.1,1.0,33.0,24.0,0.0,32.5,19.5,1.4,32.2,22.8,0.9,32.5,23.8
2022-11-23,1.8,32.8,24.9,5.5,32.4,23.6,4.4,33.3,24.9,1.1,33.6,24.3,17.8,32.1,23.4,1.3,33.0,19.0,3.4,31.7,23.1,11.6,33.4,23.0
2022-11-24,0.0,31.0,25.6,2.1,31.8,24.0,0.0,33.5,25.3,0.0,32.8,25.1,1.5,31.7,24.2,3.2,28.0,19.0,0.0,30.7,23.5,0.0,31.0,24.0
2022-11-25,20.6,32.1,24.0,0.0,32.0,24.4,0.1,31.2,25.1,22.1,33.5,22.8,11.6,30.8,23.5,0.0,30.5,18.5,11.0,31.7,21.5,56.6,32.8,22.9
2022-11-26,0.0,32.7,23.7,3.4,33.0,24.5,0.0,35.2,24.0,0.2,34.4,24.0,0.0,33.6,22.7,0.0,32.5,16.5,0.0,32.5,21.9,5.7,33.5,23.1
2022-11-27,0.0,33.8,24.9,30.9,32.0,23.6,0.0,33.4,23.0,0.0,33.8,24.5,0.0,32.5,25.1,0.0,32.5,18.5,0.4,32.1,22.3,0.0,33.6,23.0
2022-11-28,0.0,33.2,25.0,6.4,33.0,24.5,1.8,34.1,24.9,54.3,33.5,24.5,1.0,32.0,23.7,0.2,34.0,19.0,4.0,30.6,23.3,0.0,33.4,23.3
2022-11-29,4.8,32.0,25.0,40.2,32.0,23.4,0.0,35.2,24.2,0.1,32.0,26.0,10.4,31.1,24.2,3.8,29.8,19.0,1.2,32.7,23.7,3.4,33.0,23.8
2022-11-30,33.0,31.0,24.4,116.7,29.0,23.5,24.8,33.2,22.9,10.4,32.7,24.5,21.6,26.2,23.6,17.4,29.0,19.5,14.2,30.3,22.2,0.7,33.2,23.6
2022-12-01,0.0,29.0,24.0,26.1,31.0,24.0,1.4,33.3,24.5,5.3,32.6,25.9,8.3,28.5,23.6,0.6,29.0,19.5,5.8,31.8,24.1,1.0,33.3,23.2
2022-12-02,0.0,31.7,24.3,10.4,30.0,24.0,1.4,35.0,24.2,3.5,31.8,25.8,0.7,32.0,23.6,0.0,31.0,17.5,0.0,31.6,22.3,6.2,33.4,23.4
2022-12-03,0.7,32.7,25.6,4.6,31.2,24.2,0.0,34.7,23.5,2.7,32.6,25.6,0.0,34.0,23.8,0.0,32.0,18.5,0.0,32.8,22.0,0.0,33.2,23.0
2022-12-04,2.8,31.6,24.3,58.1,31.0,22.8,1.2,34.3,24.2,13.4,33.4,23.7,34.4,31.5,23.4,8.2,28.5,19.0,21.2,32.5,23.0,0.0,33.3,23.0
2022-12-05,0.8,28.0,23.3,3.5,29.0,23.2,0.5,35.1,24.6,0.1,30.8,24.2,14.4,25.9,21.7,2.4,26.0,17.5,0.0,31.8,23.4,0.0,32.0,23.2
2022-12-06,0.0,32.0,24.0,14.6,31.0,23.0,4.4,32.6,23.5,24.7,33.3,23.7,13.4,31.2,23.5,0.0,31.8,19.8,0.0,30.4,22.4,0.0,33.0,23.6
2022-12-07,0.0,33.0,25.1,0.0,31.2,24.0,0.0,35.3,24.5,0.0,32.3,23.0,3.0,31.2,24.7,0.0,32.5,19.0,0.0,31.6,22.6,0.0,33.6,23.4
2022-12-08,3.8,30.3,24.3,24.2,27.0,23.8,0.0,33.4,24.9,20.6,31.4,23.7,28.8,28.6,24.0,6.0,29.5,19.5,0.2,29.6,23.3,1.6,33.4,23.5
2022-12-09,5.2,31.2,24.5,1.4,30.0,22.6,0.0,33.5,25.5,2.2,31.0,24.0,9.8,28.5,23.2,25.0,29.0,19.6,5.2,29.1,22.4,13.4,31.3,23.3
2022-12-10,0.0,33.0,24.0,0.0,32.5,24.6,9.8,33.2,24.6,0.0,32.8,22.8,0.0,31.0,24.5,4.0,26.0,17.3,0.0,32.7,22.0,1.2,32.0,23.4
2022-12-11,0.0,34.2,23.5,7.3,32.0,23.9,3.9,33.2,23.0,4.2,33.2,23.8,0.0,32.5,22.6,0.6,30.4,19.0,0.0,31.6,21.8,2.1,32.3,23.5
2022-12-12,0.0,33.0,25.6,0.0,30.8,25.5,5.2,33.3,24.0,0.0,32.8,24.0,0.0,32.2,24.0,1.2,31.7,20.5,0.0,31.4,24.5,0.0,33.0,23.3
2022-12-13,12.0,33.0,25.2,25.0,32.0,23.8,12.0,34.2,24.8,15.6,33.0,25.6,1.5,32.7,24.6,3.0,31.7,20.0,1.2,32.2,23.5,0.4,32.5,24.2
2022-12-14,0.0,31.2,25.0,34.4,30.0,24.8,8.6,31.3,23.0,4.1,31.5,25.2,2.5,30.3,24.0,4.8,27.5,18.5,0.6,32.1,23.8,1.4,32.2,23.4
2022-12-15,0.0,31.5,24.2,10.0,32.0,24.0,0.0,31.9,23.9,1.1,32.7,26.5,0.4,34.0,24.0,0.0,30.5,19.2,10.0,28.3,22.7,0.0,32.0,23.6
2022-12-16,0.0,30.4,24.5,1.2,30.0,24.5,0.0,32.4,23.5,0.4,32.7,26.4,1.0,33.1,24.8,0.4,28.5,18.8,0.0,32.6,23.1,0.0,33.2,23.4
2022-12-17,0.0,33.2,25.0,30.2,31.0,23.5,1.0,33.7,23.5,3.3,31.8,24.8,6.1,31.2,24.3,4.6,30.5,18.8,0.0,32.7,22.9,2.1,32.6,23.6
2022-12-18,11.8,32.0,23.9,25.5,30.5,23.0,6.8,33.6,23.5,5.9,31.8,25.2,16.8,31.0,23.0,8.2,31.0,18.5,8.2,30.8,23.3,38.5,33.0,22.8
2022-12-19,0.0,29.2,24.2,20.3,30.0,23.5,0.0,34.2,23.7,0.3,30.4,24.7,0.4,27.8,23.2,0.0,28.5,18.0,0.0,28.1,22.1,0.0,32.2,23.0
2022-12-20,6.4,30.7,24.4,77.7,27.5,22.0,0.0,32.8,24.0,0.2,32.0,24.5,0.9,30.0,23.4,8.4,29.5,19.0,0.0,29.0,22.1,0.8,33.0,23.6
2022-12-21,0.0,32.5,24.0,0.6,29.8,23.4,0.0,33.6,24.0,0.2,28.9,24.0,4.7,31.5,24.4,8.8,30.0,20.0,0.2,30.1,22.1,1.0,30.6,23.4
2022-12-22,17.6,33.3,25.2,0.6,29.2,24.5,0.0,33.6,24.3,32.4,32.0,24.5,2.4,31.0,24.3,0.0,30.6,21.0,0.0,31.0,22.9,0.0,33.8,23.6
2022-12-23,4.4,33.6,25.2,14.2,31.0,23.0,0.0,34.6,24.5,95.0,33.4,24.4,15.0,32.0,25.1,35.2,32.0,21.0,0.0,30.0,23.2,0.0,33.5,23.5
2022-12-24,0.0,32.7,24.6,154.6,30.0,22.2,63.0,33.0,23.3,39.6,27.4,23.8,3.8,30.2,24.8,53.6,29.0,20.0,3.4,32.9,22.8,6.1,31.0,23.2
2022-12-25,24.9,32.0,24.2,88.2,26.0,22.5,15.3,29.9,23.5,41.1,27.0,24.0,49.3,29.5,23.6,58.4,29.0,19.0,9.2,28.5,22.5,1.1,29.5,22.9
2022-12-26,0.0,26.9,23.7,124.4,25.4,22.5,9.6,33.6,24.2,39.4,26.0,23.6,21.9,26.6,23.4,9.4,24.5,19.0,0.0,29.7,22.7,0.0,30.0,22.6
2022-12-27,10.3,31.5,23.7,32.5,26.8,22.1,5.3,28.4,24.0,1.9,27.9,24.0,39.6,27.0,23.2,46.0,27.0,18.8,4.8,30.2,22.6,2.5,31.2,22.6
2022-12-28,0.0,30.0,24.5,8.2,28.0,23.0,0.0,31.4,23.5,14.5,31.0,23.7,11.4,28.5,23.4,0.0,28.0,18.0,0.0,28.7,22.9,0.0,32.0,23.0
2022-12-29,0.0,33.3,25.0,0.0,30.0,24.2,0.3,32.4,24.0,0.6,31.8,23.6,0.0,31.5,23.4,3.8,32.0,19.9,0.0,29.9,22.2,0.0,33.2,23.8
2022-12-30,0.0,32.3,24.4,0.0,30.0,24.8,0.0,31.5,24.0,7.3,31.7,22.6,0.0,33.9,23.5,0.2,32.4,18.0,0.2,31.3,22.2,0.0,32.6,23.4
2022-12-31,0.0,32.9,24.2,6.4,32.0,24.0,0.0,32.8,24.9,38.6,32.8,24.0,0.8,32.5,23.6,15.6,31.5,18.5,0.2,32.9,23.2,33.2,33.3,23.4
2023-01-01,0.3,29.6,24.1,19.4,28.5,23.0,1.8,33.0,23.5,0.1,32.4,25.4,23.0,26.2,22.5,0.4,27.8,19.0,0.0,32.0,22.6,0.0,32.0,23.0
2023-01-02,19.5,28.9,23.4,36.8,30.4,23.0,1.0,34.5,24.3,23.0,31.2,23.2,61.6,29.0,23.0,41.0,26.8,19.0,8.6,29.0,21.0,7.5,31.4,22.8
2023-01-03,2.0,30.0,24.8,13.6,26.5,23.0,0.6,34.4,24.5,148.8,29.2,24.2,5.0,29.6,23.0,8.8,27.5,19.8,0.0,30.9,21.8,9.0,31.2,23.4
2023-01-04,2.4,29.6,24.8,4.2,26.8,22.8,15.9,30.7,24.7,7.4,28.5,23.2,0.6,28.4,23.6,5.0,29.0,19.6,0.0,30.9,23.4,25.2,32.4,23.0
2023-01-05,12.8,31.0,24.3,6.5,29.8,23.9,1.8,32.0,25.5,1.9,31.7,23.5,0.2,33.9,23.5,1.4,29.5,18.4,0.0,31.8,23.5,2.1,32.6,23.6
2023-01-06,9.0,32.8,23.2,103.8,30.2,22.1,0.0,35.3,24.0,0.6,31.8,25.4,33.6,33.1,23.2,5.3,32.0,19.5,0.0,32.7,23.0,0.0,33.4,23.4
2023-01-07,1.1,28.0,24.0,101.4,27.0,22.2,8.1,35.0,23.8,8.4,30.4,23.0,9.9,28.5,22.5,1.8,28.0,19.1,0.0,27.7,22.9,0.0,29.2,22.6
2023-01-08,0.6,28.9,24.0,152.0,27.0,22.0,0.0,34.4,23.7,7.2,28.5,22.8,21.0,26.5,23.2,2.0,26.0,19.0,0.0,30.8,23.4,0.0,30.6,23.0
2023-01-09,0.0,30.5,24.7,14.0,27.5,24.0,0.0,33.2,24.5,11.1,29.5,24.4,101.3,25.6,22.4,1.2,29.0,20.0,6.8,31.5,22.4,0.0,31.5,23.2
2023-01-10,0.0,29.0,23.9,109.7,26.0,22.8,79.5,31.8,23.0,22.7,29.9,23.8,12.6,26.1,23.2,0.2,27.6,20.0,3.4,28.4,23.0,11.0,31.8,22.5
2023-01-11,0.0,30.2,23.8,67.4,26.8,22.6,103.2,28.7,22.8,185.3,26.9,23.0,9.1,31.0,23.9,47.6,30.5,19.0,3.6,26.3,22.1,4.2,28.2,22.4
2023-01-12,0.2,31.8,24.3,82.0,26.0,23.0,0.0,31.7,23.3,7.9,27.6,23.7,11.5,27.5,24.0,8.7,28.6,19.8,0.2,29.8,21.9,2.0,30.0,22.7
2023-01-13,100.0,32.6,24.3,73.0,25.5,22.4,14.0,32.6,24.4,5.5,27.2,24.0,1.5,27.5,23.4,0.2,28.5,20.2,2.2,30.2,23.9,3.0,30.6,22.7
2023-01-14,3.7,29.6,25.6,6.5,26.6,22.9,2.8,28.6,24.0,6.2,28.7,23.6,5.2,27.0,23.5,8.6,27.0,19.5,3.2,28.6,23.7,18.4,29.6,23.2
2023-01-15,0.0,32.0,26.0,0.0,30.0,23.6,0.0,32.5,24.5,4.2,32.0,23.5,0.0,30.8,24.1,5.0,31.5,20.5,0.0,30.5,23.6,0.0,30.0,23.3
2023-01-16,0.0,33.0,25.0,0.0,31.0,24.0,0.0,32.7,23.7,0.2,31.8,24.0,14.7,31.7,24.2,22.2,31.5,19.6,0.0,30.6,23.0,0.0,30.0,23.5
2023-01-17,0.0,30.1,24.0,0.1,30.0,24.0,0.0,32.7,23.3,1.2,32.3,24.0,16.8,31.6,23.0,1.0,30.5,19.0,6.0,31.3,22.3,0.0,32.0,24.0
2023-01-18,0.2,32.6,24.0,0.0,30.4,23.6,3.2,34.3,24.2,25.6,32.5,24.2,0.2,32.0,23.7,0.2,31.0,18.5,6.0,31.7,22.1,22.0,33.8,22.8
2023-01-19,0.0,32.4,25.7,19.3,31.2,24.0,0.0,33.4,23.3,0.5,31.7,25.1,0.8,31.5,24.5,0.0,31.5,19.5,0.0,32.1,23.3,0.0,33.6,23.2
2023-01-20,0.0,33.0,24.6,15.9,30.8,24.5,0.0,33.7,24.1,1.9,32.2,25.8,12.2,32.0,23.2,8.6,32.0,19.0,0.0,32.1,22.8,6.3,30.6,22.8
2023-01-21,2.0,29.4,23.9,29.8,30.0,22.9,0.0,33.8,24.0,3.6,30.7,24.3,26.8,30.2,23.0,10.7,28.0,19.1,0.4,27.3,23.6,0.3,31.6,22.6
2023-01-22,0.1,27.6,23.0,67.0,26.0,23.0,0.0,32.9,24.1,9.6,28.2,24.4,17.7,25.4,23.0,4.4,24.0,18.5,0.0,31.4,24.5,0.0,29.6,22.4
2023-01-23,28.2,28.5,23.9,83.1,29.0,23.5,5.6,33.1,24.4,2.7,29.5,25.0,8.9,27.1,22.9,8.6,26.2,18.5,2.2,27.0,22.7,14.6,29.6,22.5
2023-01-24,24.4,30.0,23.6,7.0,29.0,23.7,11.1,31.7,23.9,3.2,30.2,25.1,7.0,28.5,22.0,1.9,29.0,19.0,23.0,30.8,22.8,36.0,31.4,22.9
2023-01-25,4.2,27.1,22.8,39.7,30.2,23.4,0.0,32.3,23.0,2.0,30.8,24.4,41.2,29.8,22.7,7.4,28.0,18.0,0.0,29.5,21.8,0.0,30.8,23.0
2023-01-26,0.4,29.8,24.2,18.1,27.5,24.0,0.0,32.4,23.7,8.0,29.0,24.5,2.0,27.3,22.9,1.2,29.6,19.8,0.0,30.3,22.7,0.0,31.2,23.2
2023-01-27,4.4,31.5,24.2,1.8,30.1,23.5,0.0,34.4,24.0,9.3,31.9,24.0,38.6,31.0,22.8,0.0,30.5,19.2,0.0,31.9,22.3,0.3,32.6,23.0
2023-01-28,0.2,33.0,25.2,12.1,30.2,23.8,0.0,32.5,24.0,1.8,31.6,25.2,35.4,31.5,23.7,6.0,32.5,19.4,5.0,32.4,22.5,1.0,32.5,23.6
2023-01-29,0.9,29.0,24.0,133.5,26.0,22.0,2.6,32.4,24.2,0.0,30.8,25.5,48.0,27.5,23.5,3.4,23.5,18.5,3.4,30.3,23.5,0.0,30.4,23.3
2023-01-30,2.4,30.6,24.8,15.1,26.0,24.0,4.0,31.3,24.7,7.5,29.5,25.0,4.0,26.8,22.6,1.2,26.5,19.0,11.2,30.1,23.5,16.0,31.4,23.2
2023-01-31,0.0,32.1,25.3,41.2,27.0,23.0,82.8,31.1,22.2,48.9,32.0,23.5,5.8,29.4,23.5,2.2,29.5,19.0,0.0,32.1,22.0,6.6,33.7,23.6
2023-02-01,10.4,32.0,25.2,8.7,30.1,24.4,0.0,34.3,24.4,25.7,30.3,24.0,4.3,31.1,23.6,9.4,29.5,19.5,0.4,32.5,23.8,1.1,32.8,23.4
2023-02-02,3.5,32.4,24.3,5.7,30.8,24.5,4.4,32.3,23.8,0.0,31.5,25.0,3.6,32.3,23.1,1.6,32.0,18.5,0.0,33.1,22.8,1.6,33.6,23.0
2023-02-03,0.0,33.1,24.1,11.2,30.0,24.7,0.0,32.4,24.0,0.1,31.7,25.8,0.0,31.2,22.2,0.0,31.2,16.0,0.0,32.5,21.1,0.0,34.3,23.4
2023-02-04,1.6,30.6,23.6,34.7,28.2,22.8,0.0,32.9,23.8,8.1,32.6,24.4,4.4,29.5,22.2,4.8,31.2,19.0,0.0,31.8,21.9,0.0,33.4,23.3
2023-02-05,0.7,32.0,24.0,6.8,30.0,23.0,0.0,34.0,23.0,10.0,31.4,24.8,3.9,30.2,23.9,1.0,30.0,18.0,0.0,33.0,21.6,0.0,33.5,23.5
2023-02-06,6.6,32.1,23.7,52.8,28.5,22.6,0.0,32.8,23.5,33.5,32.2,24.6,31.3,29.6,22.6,0.0,30.5,18.5,0.0,32.4,23.0,0.0,33.8,23.0
2023-02-07,0.4,31.5,22.8,0.4,30.0,24.0,1.4,33.4,23.4,2.7,30.7,24.7,0.6,31.0,21.0,0.8,29.5,17.0,0.0,31.0,21.0,0.0,32.4,23.4
2023-02-08,0.0,30.4,23.6,33.6,29.4,23.6,0.0,33.8,24.2,5.8,31.7,23.5,7.0,32.0,23.1,3.2,30.0,18.8,0.0,32.2,22.5,2.0,33.5,23.2
2023-02-09,12.8,31.6,23.0,24.4,28.9,24.0,10.0,32.7,23.7,1.7,30.5,23.5,1.7,30.0,23.0,0.0,29.5,18.0,0.0,32.1,22.0,1.2,32.8,23.0
2023-02-10,0.0,32.2,24.5,16.7,30.0,23.8,0.0,33.9,24.4,19.6,32.0,24.8,1.5,32.0,23.6,3.0,31.0,18.6,0.0,31.2,21.1,0.0,33.0,23.0
2023-02-11,0.0,33.0,25.0,2.5,30.5,24.8,0.0,33.6,24.0,2.1,32.2,25.6,0.8,32.5,22.8,0.1,31.0,18.5,0.0,34.0,24.2,0.0,34.6,23.3
2023-02-12,3.2,32.6,24.0,24.8,31.2,23.0,0.0,34.1,23.5,0.1,32.2,24.0,19.4,31.5,23.7,1.4,30.0,18.6,0.0,32.1,23.9,0.0,33.8,23.3
2023-02-13,1.4,30.6,24.8,59.7,26.5,23.6,0.8,32.9,24.2,119.7,28.7,22.7,26.3,27.2,23.7,1.8,27.5,19.8,14.2,32.2,23.4,7.5,32.0,23.0
2023-02-14,14.8,27.6,22.9,93.4,26.0,22.0,0.2,30.2,23.9,77.1,25.2,22.2,124.3,30.1,23.0,74.3,28.0,19.0,7.0,25.3,22.5,5.5,27.3,22.0
2023-02-15,0.1,29.8,23.5,6.9,27.5,22.2,0.0,34.5,23.9,3.2,28.7,24.7,0.6,30.1,22.4,0.0,30.5,18.1,1.6,26.1,22.9,0.3,29.4,22.8
2023-02-16,4.6,30.8,23.2,3.9,28.0,22.7,0.0,33.9,25.0,7.0,31.5,24.0,11.4,28.3,22.4,2.0,30.5,17.6,0.0,31.6,22.0,20.2,33.0,22.4
2023-02-17,18.8,25.7,23.4,57.8,27.2,23.9,0.0,33.0,24.0,1.8,30.3,24.0,194.2,27.8,23.0,43.4,26.0,19.5,0.0,29.9,22.8,1.6,31.5,22.0
2023-02-18,0.0,30.0,23.3,76.6,27.0,22.8,0.0,31.9,24.5,7.2,27.4,23.4,23.8,28.0,22.8,2.0,28.0,19.0,0.0,30.2,22.7,0.0,30.6,23.0
2023-02-19,1.0,31.6,24.7,0.0,31.6,23.8,0.0,32.8,24.3,0.0,31.7,23.6,10.8,32.8,23.3,1.2,29.0,20.0,0.0,30.1,22.8,0.0,32.2,23.0
2023-02-20,0.0,31.0,24.7,5.1,31.0,23.8,0.0,33.5,24.4,0.0,32.5,24.1,23.1,31.0,24.1,41.8,29.5,19.7,0.0,30.1,23.2,11.0,28.2,23.1
2023-02-21,63.4,33.0,23.4,36.5,31.4,23.1,0.0,32.7,22.5,0.4,32.4,24.7,4.1,32.0,24.5,8.3,32.2,19.8,0.0,32.1,21.6,0.0,33.0,23.3
2023-02-22,0.0,31.8,24.8,24.4,26.8,23.5,0.0,34.1,24.4,9.8,29.8,24.4,9.0,29.2,23.0,0.4,31.8,19.0,0.0,32.2,23.3,5.8,32.8,23.2
2023-02-23,0.0,33.4,24.1,2.0,29.0,23.4,0.0,33.3,25.2,0.0,32.4,24.0,0.0,31.9,24.0,0.0,32.5,18.0,0.0,32.4,22.1,0.3,33.6,24.2
2023-02-24,0.0,33.4,24.4,22.2,30.0,23.3,3.8,35.3,24.0,30.9,34.0,24.8,3.4,32.0,23.5,0.2,33.0,18.0,0.0,33.6,21.4,19.2,34.6,23.4
2023-02-25,19.6,32.9,24.5,5.0,31.0,24.0,13.3,33.3,24.6,3.8,32.4,25.4,3.0,32.7,23.6,1.6,32.3,18.8,0.4,30.6,23.6,2.4,33.2,23.3
2023-02-26,0.0,31.5,24.7,32.5,30.2,24.0,0.0,34.9,24.0,0.6,32.0,26.0,9.0,31.5,24.0,4.2,31.6,19.4,0.0,31.6,24.0,0.0,33.4,23.2
2023-02-27,0.4,32.1,25.0,31.8,29.0,24.0,0.0,34.6,23.8,1.3,31.7,25.5,5.6,32.5,23.5,1.2,30.5,18.0,6.0,31.6,23.8,7.0,29.5,23.2
2023-02-28,0.0,33.0,24.5,7.5,29.2,24.5,0.0,35.7,24.5,13.9,31.3,25.0,4.4,32.0,23.3,0.0,32.0,18.5,0.0,30.8,23.7,1.5,32.0,23.4
2023-03-01,1.6,33.3,23.9,47.9,31.0,22.4,0.2,34.7,24.5,0.2,32.7,25.1,49.5,32.0,22.6,5.8,30.0,18.5,1.2,31.9,22.9,0.8,33.4,23.5
2023-03-02,1.4,29.9,23.3,0.0,30.4,23.8,0.0,33.8,24.6,1.2,30.0,24.4,1.9,29.7,21.2,0.0,28.5,17.5,0.0,32.8,22.5,0.0,31.8,23.4
2023-03-03,0.0,32.4,25.0,10.0,30.2,22.4,0.0,34.8,22.6,0.0,30.7,22.0,0.0,30.8,23.3,0.0,31.5,18.5,0.6,33.7,24.0,0.0,33.2,23.3
2023-03-04,0.0,31.0,24.2,8.8,30.0,23.4,0.0,33.1,24.0,0.3,30.9,23.6,5.5,30.3,23.5,0.0,31.5,19.0,0.0,31.2,22.2,0.0,32.6,23.2
2023-03-05,0.0,32.7,24.1,0.5,30.3,24.4,0.0,33.0,23.6,5.8,32.2,24.2,28.6,30.7,24.0,0.0,31.8,19.5,7.8,33.4,23.4,0.0,33.4,23.0
2023-03-06,0.0,32.4,24.8,3.4,29.0,24.0,0.0,34.4,23.5,0.0,31.9,25.0,4.2,30.2,24.7,0.0,31.0,20.0,1.4,32.8,22.7,0.0,34.2,23.1
2023-03-07,0.0,28.4,23.3,31.4,28.0,23.4,0.0,33.8,24.0,1.6,32.8,25.2,3.3,29.8,23.5,1.0,30.0,18.5,0.8,32.8,22.0,0.0,34.0,23.4
2023-03-08,0.0,34.5,25.0,6.2,28.5,23.6,0.0,33.1,23.8,0.0,33.1,25.6,0.0,30.9,24.0,0.0,31.5,18.5,0.0,32.9,22.6,0.0,35.2,24.2
2023-03-09,0.0,34.5,24.4,4.4,29.4,24.5,0.0,33.5,24.3,1.4,33.7,23.3,0.0,31.0,23.0,0.0,32.0,19.6,0.0,33.4,22.5,0.0,34.6,24.0
2023-03-10,0.0,34.7,23.8,0.2,30.0,24.0,0.0,33.4,23.2,0.1,33.2,23.2,2.2,31.0,23.2,0.0,32.0,16.5,0.0,34.0,22.2,0.0,33.8,23.4
2023-03-11,0.1,33.5,23.7,0.8,29.0,24.0,0.0,34.4,23.6,2.8,33.0,24.2,13.4,28.0,23.8,0.6,32.0,19.0,6.6,34.0,22.1,9.0,34.4,22.9
2023-03-12,2.1,34.3,21.4,0.4,29.2,24.0,0.0,32.5,24.0,0.0,33.2,24.5,0.0,30.4,24.5,1.3,31.6,18.7,0.0,33.7,23.8,4.0,34.8,23.3
2023-03-13,25.4,32.0,23.4,9.6,28.8,24.3,0.0,32.0,25.0,18.1,32.7,22.3,13.3,29.1,23.5,16.2,31.0,19.4,4.0,33.8,24.0,2.0,33.2,22.6
2023-03-14,0.2,30.5,23.1,1.1,29.0,23.8,0.0,33.4,24.0,0.0,30.4,23.0,2.9,28.5,22.5,0.0,26.5,16.8,0.0,31.2,22.5,0.0,30.2,23.4
2023-03-15,0.0,33.9,25.7,3.6,30.0,24.5,0.0,33.1,22.8,0.0,33.5,23.6,0.0,30.7,23.8,24.0,33.0,19.5,0.0,30.6,22.5,0.0,34.2,23.2
2023-03-16,0.0,35.2,24.5,50.3,28.0,23.6,0.0,33.5,25.2,0.6,31.5,25.7,0.0,31.8,24.2,8.8,30.5,18.5,0.2,34.3,22.0,1.8,35.2,22.8
2023-03-17,0.0,34.0,25.7,33.3,28.0,24.0,0.0,33.5,24.5,26.2,33.2,24.6,12.8,30.3,23.7,5.2,33.0,19.8,0.0,34.0,23.1,50.4,34.9,22.1
2023-03-18,0.6,34.7,24.0,39.6,28.0,21.9,0.2,35.1,24.3,0.1,31.0,24.0,15.8,27.2,21.7,1.0,32.0,18.0,0.0,34.5,21.3,0.0,33.4,23.4
2023-03-19,0.0,33.0,25.1,8.8,30.0,24.0,0.2,33.2,23.8,0.1,33.6,25.7,2.4,32.8,24.0,2.0,32.6,18.5,0.0,32.4,24.0,0.0,33.3,23.3
2023-03-20,0.0,33.8,24.9,0.0,31.5,23.0,0.4,35.7,25.0,0.0,32.1,23.3,0.0,32.0,22.5,0.0,31.5,17.0,0.0,34.5,23.5,0.0,34.0,23.5
2023-03-21,0.0,34.6,24.2,0.0,30.0,24.0,0.0,34.4,23.1,0.0,32.8,22.7,0.2,32.0,23.0,0.0,32.2,16.6,0.0,35.1,23.0,3.0,34.0,24.0
2023-03-22,0.0,33.3,23.9,0.0,31.0,24.9,0.0,34.9,24.2,5.2,33.5,24.9,0.1,32.1,23.0,0.0,32.8,18.0,0.0,34.5,23.0,0.0,35.6,23.8
2023-03-23,0.0,33.4,25.7,0.2,30.8,26.0,0.0,34.2,24.0,0.1,33.5,24.2,1.4,33.0,23.7,0.0,33.0,19.5,0.0,34.4,22.3,0.0,35.8,24.0
2023-03-24,2.0,32.8,25.1,0.8,31.0,24.8,0.0,35.2,25.9,0.8,34.2,26.2,0.0,34.7,24.5,1.0,33.8,19.8,0.0,35.2,24.4,17.4,34.8,23.8
2023-03-25,0.0,34.5,24.9,4.8,32.0,23.5,0.0,35.0,26.6,0.1,34.2,26.8,0.0,33.0,23.5,0.0,33.2,18.5,14.4,34.8,24.2,7.8,35.0,23.4
2023-03-26,0.0,34.3,25.9,0.0,31.9,25.5,0.0,35.5,24.5,0.0,34.4,25.6,0.0,33.3,23.0,0.0,33.8,17.5,0.0,32.2,23.6,1.0,34.8,23.5
2023-03-27,0.0,33.3,23.9,1.0,32.0,24.8,0.0,35.4,24.8,1.0,33.5,25.7,0.0,32.3,23.5,0.2,32.0,19.0,0.0,33.8,23.7,12.2,33.2,23.2
2023-03-28,0.0,33.9,24.7,23.8,31.0,24.2,3.0,33.1,24.0,4.2,33.9,26.4,17.4,32.3,24.0,6.2,32.0,19.0,0.4,32.9,23.2,2.6,33.2,23.6
2023-03-29,3.3,33.3,24.8,16.2,28.9,24.0,1.5,32.4,23.4,0.2,33.0,25.6,2.2,32.1,24.4,0.9,30.0,19.5,1.8,29.8,23.1,11.7,34.6,23.6
2023-03-30,0.6,33.9,25.2,26.2,28.4,23.8,0.8,35.9,25.6,9.8,33.9,25.3,20.3,30.5,23.7,0.2,31.5,20.0,0.0,33.0,23.0,28.0,34.8,24.0
2023-03-31,0.0,33.9,25.3,30.4,29.0,24.0,0.0,33.9,25.4,10.6,32.7,24.8,12.7,31.8,24.2,4.4,31.8,20.2,4.8,32.4,23.0,2.2,33.2,23.2
2023-04-01,7.7,33.8,24.6,9.8,28.6,23.8,5.8,32.1,25.0,12.2,33.8,24.0,7.2,31.5,23.0,0.0,33.5,18.5,0.6,31.0,23.1,32.0,32.8,23.0
2023-04-02,1.4,32.3,25.6,2.4,31.4,24.4,0.0,32.2,24.4,0.0,33.7,24.4,0.4,31.7,22.6,0.6,31.4,18.0,0.0,30.4,22.7,9.8,31.6,23.0
2023-04-03,0.0,32.1,25.4,0.0,31.2,24.0,0.0,32.2,23.4,0.0,35.6,24.0,0.4,32.0,22.7,32.4,31.6,17.5,0.0,31.7,23.4,0.0,33.0,23.0
2023-04-04,0.0,34.5,25.6,12.4,30.0,23.4,0.0,33.0,22.8,4.0,34.9,24.0,1.7,32.0,23.7,0.0,32.2,18.8,35.0,31.1,22.2,0.0,32.0,24.0
2023-04-05,0.0,32.1,25.7,0.0,29.6,22.8,0.6,33.8,23.4,4.0,30.9,23.1,0.0,31.2,22.4,0.0,28.0,18.5,0.0,30.5,23.1,0.0,32.4,24.2
2023-04-06,8.2,33.6,25.0,0.0,30.0,23.4,0.0,33.8,21.3,0.0,33.2,19.6,0.0,31.1,21.0,0.0,32.0,17.5,1.0,30.3,23.4,0.0,34.0,23.4
2023-04-07,4.3,34.7,25.0,0.0,30.0,24.5,0.0,35.1,22.0,16.9,33.2,21.9,0.1,31.5,23.0,0.0,31.5,19.5,0.0,31.6,22.9,0.0,33.5,24.0
2023-04-08,28.4,33.6,23.5,13.0,32.4,24.4,0.0,36.2,23.1,0.4,33.8,24.8,4.7,31.7,24.5,0.0,31.0,20.0,0.0,32.7,23.6,0.0,33.0,23.4
2023-04-09,20.0,33.3,23.6,0.8,31.0,24.8,0.0,35.2,24.2,0.0,32.6,24.3,0.2,31.6,23.5,41.4,30.0,18.5,5.2,32.0,22.6,0.0,34.0,23.0
2023-04-10,0.0,31.5,24.4,7.8,29.0,24.0,0.0,34.0,23.4,0.0,33.5,23.5,1.1,29.5,24.0,0.0,29.5,18.8,0.0,30.1,23.2,0.0,32.2,23.2
2023-04-11,0.0,33.8,25.4,0.0,31.0,23.2,0.0,33.7,22.8,0.0,33.4,23.7,0.0,32.0,23.4,0.0,32.0,18.4,4.4,30.8,23.1,0.0,33.0,23.8
2023-04-12,1.5,33.7,25.6,0.0,32.3,24.0,0.0,35.5,23.1,0.0,33.0,22.3,0.0,31.2,24.0,0.0,29.2,19.0,0.0,30.9,23.0,0.0,33.4,23.4
2023-04-13,11.2,34.1,24.6,0.0,32.2,24.9,0.0,34.3,23.6,0.0,32.6,24.6,0.0,33.5,25.3,2.0,32.5,20.8,0.0,32.9,23.5,0.0,34.0,23.0
2023-04-14,14.0,33.3,24.7,0.0,32.7,25.8,0.0,36.2,24.0,0.0,34.5,24.6,0.0,32.4,24.2,0.0,33.6,19.8,0.0,32.6,23.4,0.0,35.3,23.5
2023-04-15,50.0,33.2,22.8,0.0,33.0,25.0,0.0,34.2,23.7,0.0,35.2,24.3,0.0,33.3,23.5,19.8,33.0,17.2,0.0,33.8,23.9,0.0,34.9,23.5
2023-04-16,25.0,33.3,24.7,0.0,33.0,24.5,0.0,35.0,24.2,0.0,34.2,24.1,0.0,34.0,24.0,44.6,32.0,19.2,0.0,33.1,23.5,2.2,33.6,22.7
2023-04-17,0.0,32.3,25.1,0.0,33.2,24.9,0.0,33.8,23.5,0.0,34.0,25.0,0.0,35.0,24.3,13.0,33.0,19.0,0.0,32.7,23.3,0.0,33.8,23.0
2023-04-18,4.8,33.5,24.9,3.6,32.6,25.2,0.0,34.7,24.4,0.0,34.9,24.7,0.0,34.0,23.9,0.1,33.0,18.4,0.0,34.6,23.2,5.2,34.8,22.8
2023-04-19,0.0,34.1,26.8,14.6,30.6,24.7,0.0,34.6,25.7,1.0,34.8,25.0,0.0,34.5,25.0,0.4,34.0,20.4,0.0,34.4,23.2,0.0,34.5,23.8
2023-04-20,1.3,33.8,26.8,0.1,31.8,24.5,0.0,30.0,26.9,0.0,34.8,25.1,0.0,34.5,25.8,0.0,32.0,19.5,0.0,33.8,22.7,0.0,33.5,23.5
2023-04-21,52.6,33.3,24.0,0.0,33.6,26.0,0.0,34.0,24.9,0.0,31.7,24.1,2.0,34.7,25.3,3.2,32.5,20.0,0.0,33.8,22.4,0.0,33.6,23.8
2023-04-22,7.0,34.1,25.1,1.6,33.0,25.9,0.0,35.1,25.3,0.0,36.0,24.2,0.0,35.5,25.5,22.5,33.0,20.0,0.0,34.4,22.8,1.0,35.6,24.0
2023-04-23,5.0,34.4,25.2,0.0,32.6,25.8,0.0,34.1,24.1,6.8,32.0,24.9,0.1,34.2,24.5,0.0,32.5,19.0,0.0,34.1,24.0,5.0,35.0,24.0
2023-04-24,0.0,33.6,24.9,1.0,32.5,24.5,0.0,34.5,24.5,17.1,35.6,24.1,0.0,34.2,24.9,0.0,33.5,20.5,0.0,34.4,23.5,59.5,34.8,23.0
2023-04-25,0.0,34.3,25.4,0.0,31.2,25.0,0.0,36.2,24.0,1.5,34.6,24.7,0.0,33.1,25.0,0.0,33.5,19.5,0.0,35.2,23.0,2.8,34.1,23.8
2023-04-26,0.0,34.5,25.3,0.0,32.0,25.0,0.0,35.7,24.7,0.0,34.0,26.0,0.0,34.4,24.5,0.0,33.4,19.1,0.0,35.7,23.7,0.2,35.2,23.0
2023-04-27,0.0,33.4,25.3,0.0,32.4,25.0,0.0,34.6,25.3,0.0,34.8,27.5,12.6,33.8,23.7,0.0,33.5,18.5,0.0,35.9,23.9,10.8,35.4,23.4
2023-04-28,0.0,35.2,26.1,12.3,31.0,25.5,0.0,37.4,25.5,0.0,34.8,27.4,0.0,33.2,25.2,0.0,33.8,19.0,0.0,35.8,23.5,0.0,35.8,23.0
2023-04-29,0.3,35.1,25.2,30.6,30.5,23.0,16.3,35.2,24.0,0.6,35.0,26.2,16.2,33.0,23.7,4.3,33.6,19.4,14.2,36.2,24.0,25.0,35.6,23.0
2023-04-30,0.0,33.5,25.2,8.1,29.0,24.6,1.8,34.7,24.0,0.0,34.3,26.3,0.0,33.2,25.0,1.8,31.0,20.5,0.0,31.5,23.6,4.0,32.4,22.8
2023-05-01,0.0,34.4,25.8,31.2,31.8,24.5,0.0,36.0,24.7,0.2,35.0,27.4,5.1,32.9,24.8,1.6,32.0,20.5,0.0,33.1,23.7,0.0,33.4,23.2
2023-05-02,0.0,33.2,25.3,72.1,30.2,23.6,0.6,33.8,25.2,0.0,34.2,25.6,22.2,31.8,24.2,1.6,32.0,20.5,7.4,33.9,24.4,10.6,33.8,23.6
2023-05-03,9.1,32.5,25.1,9.1,30.2,23.9,3.1,35.2,24.3,7.0,33.6,24.5,5.2,32.0,25.0,84.3,30.8,20.0,0.0,30.2,23.5,2.3,30.4,23.6
2023-05-04,0.0,33.7,26.1,0.4,31.8,25.0,0.0,34.7,26.0,1.3,32.8,24.4,29.5,34.0,24.2,3.0,33.5,19.5,0.0,33.3,25.4,0.0,34.4,23.7
2023-05-05,21.8,34.3,25.4,0.0,32.0,25.7,0.1,35.9,26.5,2.3,34.5,24.4,13.0,33.5,25.5,22.2,32.5,21.4,0.0,33.6,25.8,2.9,33.5,23.6
2023-05-06,3.4,33.9,25.2,0.0,33.0,25.5,0.0,35.4,25.3,0.0,34.1,24.6,0.0,34.2,25.0,23.6,32.4,19.5,0.2,33.1,23.7,0.0,34.5,24.2
2023-05-07,12.5,33.7,25.8,0.0,33.2,26.0,0.0,35.3,25.0,0.1,34.0,24.8,0.0,34.4,25.0,23.4,32.7,19.5,0.0,34.5,24.0,2.8,35.5,24.0
2023-05-08,6.0,34.6,26.1,0.0,33.6,25.4,3.0,34.8,24.7,0.0,35.8,26.0,0.0,34.5,24.8,10.0,32.5,20.5,1.4,32.8,23.8,0.0,35.6,23.8
2023-05-09,0.4,35.5,26.3,0.0,33.0,24.8,0.0,36.0,24.4,0.0,35.1,25.0,0.0,34.5,23.4,0.0,33.2,18.0,0.0,34.3,23.3,8.8,35.8,23.4
2023-05-10,4.4,35.4,24.8,0.0,32.6,25.4,0.0,34.4,25.3,0.0,35.8,24.2,0.0,33.5,24.5,0.0,33.8,20.0,0.0,34.5,23.8,0.0,34.8,23.2
2023-05-11,0.0,34.0,27.0,0.0,33.4,25.6,0.0,37.4,26.0,0.0,36.1,24.0,0.0,34.4,25.1,0.8,33.6,19.2,0.0,34.3,24.0,0.0,35.6,24.2
2023-05-12,0.8,34.5,26.5,0.0,32.4,24.8,0.0,35.5,25.9,0.0,35.6,24.7,0.0,34.5,25.5,5.6,33.0,20.0,0.0,34.8,22.7,0.0,33.2,24.4
2023-05-13,0.0,35.0,25.3,0.0,33.0,25.5,0.0,37.4,24.5,0.0,37.4,25.8,0.0,34.4,25.8,5.6,31.5,19.8,0.0,34.5,24.2,0.6,35.6,24.4
2023-05-14,0.0,34.1,25.4,0.0,33.2,25.6,0.0,34.8,25.5,0.0,35.8,25.2,0.0,34.5,25.5,21.8,33.3,20.5,5.4,32.2,23.0,50.4,34.5,23.2
2023-05-15,13.4,34.0,23.7,0.0,34.6,25.8,0.6,34.6,24.7,1.6,34.1,24.7,0.0,34.0,25.1,45.4,32.0,20.5,1.0,33.4,22.7,3.8,34.4,23.2
2023-05-16,0.6,35.3,24.7,0.0,34.0,25.2,0.0,33.9,25.5,0.0,34.0,24.8,0.8,34.7,24.2,67.0,32.5,18.0,0.0,34.3,23.1,12.1,34.5,23.0
2023-05-17,0.0,33.7,24.9,0.0,34.6,26.9,10.0,34.3,24.8,0.0,34.3,25.0,0.0,33.6,24.9,1.0,32.0,19.3,0.0,34.0,23.8,0.0,34.4,23.2
2023-05-18,0.0,34.1,25.0,0.1,34.0,24.5,5.7,34.2,25.5,0.0,34.9,23.9,0.0,35.6,24.8,11.4,32.4,20.0,0.2,34.7,23.7,19.3,34.8,23.0
2023-05-19,0.8,33.2,24.9,6.0,33.0,24.5,0.4,34.2,25.5,5.0,34.2,24.8,6.6,34.8,24.0,13.2,30.6,20.4,2.2,28.9,23.3,2.6,33.0,23.8
2023-05-20,0.0,32.7,25.7,0.0,32.6,24.5,0.9,31.5,25.0,40.8,35.0,23.0,0.4,33.0,24.4,5.6,28.0,20.0,1.0,32.5,23.2,12.1,32.4,23.8
2023-05-21,0.2,33.5,25.6,0.0,33.1,24.6,0.0,33.8,24.6,0.0,34.9,23.9,0.0,33.8,24.6,25.0,30.2,19.5,0.6,30.6,23.8,22.1,33.8,23.2
2023-05-22,28.2,33.4,25.4,0.0,34.0,27.0,0.0,34.3,25.6,21.2,35.4,24.2,0.0,34.0,25.8,1.2,31.5,20.4,0.4,32.4,23.5,4.4,33.6,23.4
2023-05-23,0.2,33.5,25.7,0.0,34.2,25.4,0.0,33.3,24.8,0.0,34.2,25.0,0.0,34.0,25.6,0.0,32.6,21.0,1.4,32.6,23.4,8.0,33.5,23.8
2023-05-24,5.0,33.3,25.0,0.0,35.0,27.0,0.1,33.5,26.1,0.0,32.9,25.4,1.6,34.6,25.4,30.8,31.6,20.0,0.0,31.7,23.5,8.2,33.2,24.2
2023-05-25,0.0,33.6,25.2,0.6,33.4,26.2,3.4,33.3,25.0,7.4,31.7,24.2,1.5,31.6,25.0,2.6,28.5,19.4,6.7,30.8,22.6,7.2,29.4,23.6
2023-05-26,3.2,33.3,25.3,5.4,32.6,25.7,0.0,34.6,26.4,2.6,32.5,25.2,0.0,33.4,25.3,0.0,31.5,20.5,26.2,29.9,22.8,27.0,34.4,23.0
2023-05-27,0.0,33.6,25.7,95.0,28.6,24.4,44.7,33.7,24.6,87.8,27.8,23.8,0.0,34.0,24.8,1.0,29.5,19.5,30.0,31.4,23.1,13.2,33.2,23.2
2023-05-28,9.0,33.2,25.3,0.0,31.8,25.8,4.8,31.4,24.5,1.4,31.4,24.5,0.0,34.6,25.5,19.8,26.5,19.7,0.0,31.0,23.3,31.4,30.6,23.3
2023-05-29,11.4,34.2,26.1,0.0,33.8,28.0,7.2,33.6,24.4,0.0,34.4,24.7,0.0,34.6,26.0,3.4,28.0,19.0,1.2,31.7,24.4,0.0,33.2,23.2
2023-05-30,7.2,34.0,26.9,0.0,33.2,24.8,2.2,35.4,26.1,0.0,35.0,25.7,0.0,35.4,26.4,0.0,30.1,20.8,0.4,30.8,23.8,0.0,34.2,23.3
2023-05-31,0.0,33.3,26.7,0.0,34.5,26.0,0.0,34.3,25.6,0.3,34.0,23.7,0.0,35.4,25.5,27.2,29.5,19.5,0.0,33.0,23.3,0.0,33.8,24.0
2023-06-01,0.0,33.9,26.4,0.0,33.8,25.9,0.0,34.9,25.0,0.0,35.0,24.7,0.0,34.4,25.0,14.6,30.0,19.0,11.2,30.9,23.3,0.0,34.5,23.6
2023-06-02,1.4,33.2,24.5,0.0,34.6,25.9,0.0,35.1,25.7,0.0,34.8,25.0,0.1,35.5,24.7,0.0,31.5,19.5,0.0,31.9,23.5,0.0,33.8,24.0
2023-06-03,0.0,34.0,25.0,2.8,34.2,25.4,0.0,34.0,24.5,0.0,35.0,24.8,0.0,34.0,25.6,0.0,32.6,19.8,5.2,31.9,22.7,1.6,34.8,23.4
2023-06-04,29.4,33.7,25.0,0.0,32.6,25.5,1.7,33.2,25.6,22.3,34.0,24.2,0.2,34.0,25.0,9.6,30.5,19.8,4.4,30.2,23.5,0.6,34.0,22.6
2023-06-05,44.4,32.9,24.8,0.0,34.0,26.2,0.0,33.3,25.3,0.2,34.4,24.5,0.0,33.2,25.2,12.0,29.5,19.8,0.2,29.6,24.7,0.0,33.4,22.6
2023-06-06,12.8,32.9,24.5,0.0,33.8,25.8,0.0,33.6,23.5,69.8,33.5,24.6,0.0,34.8,25.5,6.8,30.5,20.0,0.0,31.1,24.1,5.4,34.6,23.2
2023-06-07,27.6,33.6,24.2,4.8,33.0,25.6,0.0,33.2,24.1,0.0,32.9,24.4,0.0,31.6,25.0,1.6,29.5,19.6,0.2,30.6,22.8,13.4,33.8,23.2
2023-06-08,0.0,33.7,25.1,0.1,32.0,25.5,0.0,34.1,25.2,2.4,34.2,24.5,0.0,34.0,25.1,7.0,29.0,20.2,0.0,31.7,22.6,0.0,33.2,23.1
2023-06-09,0.0,34.4,25.8,0.4,34.0,25.0,0.0,34.5,25.1,9.6,33.2,24.8,0.0,34.1,25.0,5.0,28.5,20.8,0.0,31.5,23.3,4.0,33.5,23.0
2023-06-10,0.0,34.2,25.5,0.0,33.8,25.4,0.0,33.2,24.6,9.9,33.5,24.2,4.1,34.8,24.0,13.2,30.0,19.2,0.0,33.6,22.1,0.0,33.5,23.6
2023-06-11,0.0,33.2,25.9,0.0,34.6,25.6,0.0,34.9,25.0,11.1,34.0,24.7,0.1,35.0,23.5,0.0,32.0,20.0,0.0,31.9,22.0,0.0,34.0,23.8
2023-06-12,0.0,33.1,25.7,0.0,34.0,25.5,0.0,36.7,25.3,9.5,34.8,24.3,0.0,35.0,25.3,4.8,32.5,20.5,0.0,33.4,23.5,0.0,34.4,23.0
2023-06-13,1.0,33.1,26.1,0.0,35.0,26.4,10.6,36.1,24.0,0.3,33.9,25.5,11.2,35.0,24.8,9.4,32.5,20.2,0.0,32.1,24.0,4.4,34.6,23.0
2023-06-14,30.2,32.2,24.3,2.5,35.0,25.5,8.4,33.7,24.0,38.3,33.9,24.0,3.9,32.6,24.5,13.6,31.0,20.0,0.6,27.9,22.4,10.1,32.4,23.3
2023-06-15,3.6,32.7,25.6,32.9,31.6,24.5,0.4,31.0,24.1,3.0,28.4,24.1,105.6,33.8,23.6,9.2,30.0,20.0,0.0,32.1,24.0,1.2,29.6,22.8
2023-06-16,2.0,31.7,25.4,0.0,31.8,24.5,0.0,34.8,25.5,0.5,33.4,24.0,5.6,33.5,24.2,22.9,32.5,19.0,0.0,28.5,21.8,6.6,30.5,23.0
2023-06-17,0.0,32.7,24.4,0.1,33.6,25.3,6.2,34.8,23.5,0.0,35.6,24.0,0.0,35.0,24.3,0.2,32.0,19.5,0.0,32.8,21.9,3.8,33.2,22.4
2023-06-18,0.0,32.4,25.6,0.2,32.0,25.5,0.1,32.3,23.9,3.7,32.2,24.2,0.5,32.8,25.0,13.4,29.0,19.0,12.4,31.3,22.7,0.0,33.0,22.7
2023-06-19,0.6,32.7,24.7,1.2,33.0,25.4,8.6,33.2,24.6,7.1,33.1,24.7,3.9,35.0,24.5,31.4,31.2,20.0,0.0,32.2,23.4,36.0,34.4,22.9
2023-06-20,4.4,34.5,24.6,0.0,32.3,25.2,6.8,30.0,25.0,2.2,32.4,23.8,2.1,33.0,25.1,55.6,30.5,19.8,0.0,30.5,22.3,11.7,33.1,22.6
2023-06-21,62.1,32.5,24.0,26.9,34.0,24.0,4.6,32.8,24.5,37.3,33.2,23.7,20.4,33.0,23.7,33.8,30.5,19.0,7.2,30.2,22.0,4.4,30.8,23.6
2023-06-22,0.0,31.9,25.1,0.9,29.0,24.6,0.1,31.1,24.4,0.0,31.8,23.9,4.8,30.7,24.8,5.2,30.0,20.0,0.0,29.9,22.5,0.0,30.5,23.4
2023-06-23,25.8,32.7,24.6,0.0,32.0,25.0,0.0,33.4,24.7,0.0,33.5,24.4,1.0,33.0,23.7,22.6,30.6,19.1,0.0,32.1,23.2,0.0,34.0,23.1
2023-06-24,15.0,33.6,24.3,16.4,33.0,24.0,0.0,32.4,24.0,2.1,33.0,23.3,17.8,33.2,24.5,0.0,32.0,20.0,0.0,30.9,23.4,0.0,33.5,23.0
2023-06-25,0.0,32.2,24.8,2.6,31.6,24.4,0.0,32.9,25.0,0.0,33.4,23.7,0.0,30.5,24.5,29.0,28.6,20.0,6.0,30.4,21.9,0.8,33.5,23.2
2023-06-26,0.0,33.0,25.1,6.8,32.2,26.0,0.0,34.2,24.4,0.0,32.3,23.7,39.0,32.8,24.4,30.4,29.2,19.5,1.0,29.5,22.7,0.0,34.2,23.0
2023-06-27,48.8,33.5,23.8,0.0,33.5,25.2,0.0,34.4,25.0,11.7,33.4,25.0,7.6,34.0,24.3,9.6,30.0,20.0,0.0,32.4,23.6,0.0,34.0,23.3
2023-06-28,15.0,32.9,24.2,0.5,33.2,25.0,0.1,34.6,25.0,2.3,32.9,24.0,0.2,33.6,24.6,1.0,30.6,19.8,0.4,32.5,23.9,53.0,33.2,23.0
2023-06-29,0.6,31.8,24.2,0.0,33.0,25.0,0.1,33.9,25.4,1.6,33.6,24.0,0.0,33.7,25.0,1.8,30.0,19.0,1.4,32.4,22.8,4.5,33.0,22.9
2023-06-30,4.0,33.7,25.7,0.0,34.2,25.4,14.8,33.4,23.8,0.0,33.3,25.3,0.2,33.4,25.4,21.6,32.0,20.8,0.0,34.0,23.5,0.0,33.5,23.8
2023-07-01,0.0,32.3,25.5,0.0,34.0,25.9,0.0,30.5,24.0,0.9,34.1,25.3,0.0,34.4,25.0,1.0,31.8,19.7,0.0,33.3,23.0,0.0,34.4,24.0
2023-07-02,21.5,33.5,26.0,35.4,31.0,24.4,0.0,35.7,26.0,9.9,34.5,25.7,6.4,33.0,25.1,1.2,32.0,19.5,6.2,30.9,23.8,20.6,35.8,23.8
2023-07-03,15.8,30.7,25.0,12.7,29.0,24.2,17.7,30.3,24.1,46.9,32.2,24.0,8.5,29.5,24.5,0.1,28.0,20.0,0.6,30.4,23.1,13.2,33.8,23.0
2023-07-04,25.3,32.5,24.8,6.4,32.0,24.5,19.4,33.9,23.5,14.1,33.0,24.0,20.4,33.0,24.0,12.1,31.8,21.0,8.2,31.3,23.0,1.0,33.4,22.6
2023-07-05,0.0,33.7,26.4,6.5,30.0,25.5,0.0,34.9,25.4,1.0,32.2,25.3,0.0,33.5,24.8,0.6,32.6,20.6,0.0,32.9,23.2,0.0,33.6,23.0
2023-07-06,2.7,33.7,26.0,1.4,32.0,25.0,0.0,36.3,25.4,1.0,33.2,25.0,0.0,33.7,24.5,1.0,31.5,20.0,0.0,30.7,23.5,9.8,33.4,22.9
2023-07-07,1.1,33.5,25.6,0.1,33.2,25.0,0.0,34.8,24.5,0.0,32.4,25.1,0.0,33.9,25.4,0.0,33.5,19.8,0.0,31.6,23.8,10.6,34.4,22.9
2023-07-08,5.4,29.8,24.6,12.0,31.2,25.0,16.8,33.2,24.0,2.0,34.7,25.5,6.4,32.5,24.8,3.6,31.5,20.6,10.2,30.4,23.8,5.2,31.8,22.8
2023-07-09,24.1,33.4,23.7,47.0,30.6,24.0,0.0,33.3,24.5,2.8,31.4,24.3,2.2,30.2,25.1,3.6,30.1,19.5,0.2,30.4,22.0,16.4,31.4,22.7
2023-07-10,1.2,33.6,25.6,0.0,33.0,24.5,0.0,33.5,26.5,0.0,33.3,25.2,0.0,32.7,25.0,0.0,32.5,21.0,0.0,32.1,24.4,0.0,33.4,24.2
2023-07-11,2.2,33.9,26.0,0.0,33.0,26.1,0.3,33.3,26.3,1.5,32.7,25.2,0.0,33.1,25.6,30.8,30.0,20.8,6.8,32.4,23.9,12.1,32.4,23.8
2023-07-12,0.0,32.9,25.0,0.0,32.1,27.0,23.6,32.7,24.0,0.0,32.2,24.2,22.3,32.8,24.1,35.5,27.8,20.4,0.0,30.8,22.8,1.0,30.6,23.6
2023-07-13,0.2,32.8,24.5,0.2,32.6,26.5,1.6,30.2,24.6,28.0,31.7,24.1,16.7,33.6,23.9,5.2,27.5,20.2,0.8,31.6,22.2,2.6,30.2,22.8
2023-07-14,0.0,33.7,23.8,0.0,33.2,26.0,6.8,32.7,24.6,3.9,33.0,24.0,1.0,33.2,24.5,1.0,29.0,19.0,0.0,33.4,22.1,1.4,30.9,23.2
2023-07-15,0.7,33.8,26.4,0.0,33.6,25.0,9.6,34.1,25.1,0.2,35.0,24.9,35.8,33.5,23.8,0.0,29.5,19.2,1.2,33.1,23.1,0.0,33.4,23.0
2023-07-16,0.4,31.5,26.0,0.4,33.4,25.4,0.0,32.5,24.2,19.6,32.2,24.5,2.2,32.2,24.0,35.8,26.0,19.0,0.0,31.4,23.8,7.4,32.4,23.2
2023-07-17,3.6,32.2,26.0,0.0,34.4,25.8,0.0,33.5,24.0,0.2,34.4,25.3,0.4,34.5,24.8,1.0,29.5,21.0,2.0,31.4,23.7,0.0,33.0,23.4
2023-07-18,3.2,30.1,24.6,21.2,31.4,25.0,0.8,32.4,23.7,17.5,32.6,24.2,23.4,29.0,23.5,5.7,26.5,20.0,7.0,28.1,23.0,11.6,31.2,23.3
2023-07-19,12.2,31.7,24.9,2.2,28.0,25.0,1.0,33.5,23.9,10.3,30.5,23.7,2.1,28.5,23.7,2.6,26.6,20.0,8.6,30.4,23.3,17.5,32.3,23.2
2023-07-20,0.0,33.5,24.7,0.5,32.2,25.2,0.0,33.7,24.8,0.0,32.7,24.1,18.6,32.9,24.2,16.0,29.0,19.5,0.0,31.3,22.6,9.0,34.6,22.8
2023-07-21,7.6,33.0,25.8,14.4,32.2,25.4,1.7,34.4,25.0,17.9,32.6,24.4,0.0,33.0,25.2,34.8,29.5,20.2,0.4,31.8,23.7,5.0,32.5,22.9
2023-07-22,17.6,33.5,24.3,1.0,31.0,25.0,13.4,29.1,25.1,8.4,30.9,24.3,0.0,33.2,24.8,40.3,26.8,20.1,5.6,27.0,23.4,17.0,29.3,22.9
2023-07-23,0.5,32.0,26.1,0.0,30.0,26.0,0.5,31.8,25.4,2.7,31.2,24.6,0.3,33.0,24.5,0.0,28.8,20.4,0.0,31.3,23.7,4.0,31.0,22.8
2023-07-24,1.4,32.4,26.5,20.8,30.4,24.2,0.0,32.7,27.2,5.7,31.4,24.0,0.9,33.2,25.0,2.2,27.5,20.0,8.2,31.1,22.9,0.0,32.5,22.9
2023-07-25,3.4,33.5,24.4,0.0,33.0,26.4,0.0,34.4,26.3,0.2,34.2,25.5,0.0,34.0,24.8,0.0,28.0,19.5,2.2,28.5,22.6,0.2,29.3,25.6
2023-07-26,0.0,33.7,27.7,0.2,33.8,24.9,0.0,34.9,25.8,12.5,34.8,24.9,8.0,34.0,25.2,0.0,28.5,20.0,0.0,33.1,22.6,0.0,32.8,22.8
2023-07-27,0.0,32.9,26.8,3.0,34.0,25.6,4.0,33.9,24.1,1.4,34.3,25.5,0.9,34.2,24.0,8.2,26.8,19.8,0.0,30.1,23.0,0.0,33.6,22.5
2023-07-28,5.6,31.3,24.6,0.0,31.0,23.0,0.3,31.2,24.5,0.0,32.5,24.5,2.9,31.0,24.5,3.6,27.4,19.4,0.0,30.4,24.1,0.3,31.0,23.0
2023-07-29,0.0,33.2,26.7,0.0,31.9,26.0,0.0,34.8,25.5,0.0,32.9,25.2,0.2,31.8,25.0,3.6,30.0,19.8,0.0,31.1,22.7,0.0,30.5,23.0
2023-07-30,0.0,33.3,25.2,0.0,32.2,26.5,0.0,34.7,24.7,0.0,33.8,24.5,0.0,33.5,25.2,2.2,30.2,19.2,0.0,33.4,21.8,0.0,33.2,23.2
2023-07-31,0.0,32.9,25.6,0.0,34.5,26.4,0.0,35.2,24.5,11.8,34.5,24.0,0.0,35.0,25.2,0.0,31.0,20.0,0.0,32.0,22.8,0.0,35.2,24.0
2023-08-01,0.0,33.5,25.6,0.0,34.6,24.0,0.0,35.4,24.0,0.0,34.9,24.0,0.0,34.7,25.4,0.0,30.5,18.5,0.0,32.4,22.2,0.0,33.6,23.0
2023-08-02,0.0,34.1,25.7,0.0,34.8,26.2,0.0,36.2,25.0,0.0,34.4,24.0,0.0,35.0,24.6,0.0,31.0,18.0,0.0,33.0,22.2,0.0,34.3,23.6
2023-08-03,0.0,34.0,25.2,0.0,34.6,25.5,0.0,36.1,25.0,7.7,34.1,24.2,0.0,34.7,23.6,5.8,31.2,18.6,0.0,33.6,23.1,0.0,33.8,23.3
2023-08-04,1.6,33.9,23.8,0.0,35.4,26.0,0.0,35.7,24.4,0.0,34.0,24.3,0.0,35.1,23.5,1.0,33.4,19.5,0.0,33.6,24.4,0.0,34.8,23.2
2023-08-05,0.7,34.2,26.4,0.0,34.6,26.2,0.0,35.2,24.4,0.0,33.9,23.9,0.0,33.2,24.0,0.0,33.0,19.2,0.0,33.2,24.2,2.0,34.9,23.0
2023-08-06,0.0,35.0,26.2,0.0,33.8,25.6,0.0,33.4,23.4,0.0,33.7,23.7,0.0,34.3,23.6,0.0,32.0,18.8,0.0,33.4,22.9,3.2,34.8,23.2
2023-08-07,0.0,34.5,26.1,0.0,34.0,27.0,0.0,34.7,25.2,0.0,33.5,23.7,0.0,35.0,24.1,0.0,31.0,19.8,0.4,32.7,22.3,5.0,32.2,23.3
2023-08-08,0.0,35.1,26.3,0.0,33.5,25.6,3.2,35.3,25.1,0.0,34.0,24.4,0.0,35.0,25.4,0.0,30.5,20.0,0.0,31.8,22.8,0.3,24.6,23.4
2023-08-09,0.0,35.9,26.5,0.8,33.7,26.4,28.3,33.9,26.1,30.5,32.9,25.0,0.0,34.5,26.0,1.4,30.5,20.2,2.0,30.5,23.6,49.6,33.2,23.8
2023-08-10,0.2,33.7,25.2,0.0,31.2,24.8,9.8,30.9,24.9,1.2,31.2,25.0,0.0,33.6,24.6,7.4,27.0,19.7,1.6,30.2,23.4,6.1,32.4,23.6
2023-08-11,19.6,32.7,25.2,0.0,33.8,25.2,43.5,31.0,23.9,1.6,31.3,24.5,0.0,33.8,25.1,8.1,28.0,20.2,0.4,30.8,23.7,10.6,31.4,23.2
2023-08-12,0.0,32.1,25.8,122.2,32.6,24.0,21.8,28.4,23.2,0.0,31.0,24.0,0.0,32.8,25.1,17.5,28.4,20.0,20.6,28.5,22.5,0.0,30.4,23.2
2023-08-13,17.8,33.7,24.6,2.5,31.4,25.7,0.1,32.8,24.5,3.0,33.2,24.4,0.0,33.0,25.0,7.9,29.6,20.5,0.0,29.6,23.4,0.0,33.5,23.6
2023-08-14,11.7,31.4,25.3,1.5,30.4,24.2,0.0,33.4,23.8,0.0,32.4,24.2,0.0,33.2,25.3,0.2,30.5,20.0,1.0,29.5,22.5,0.0,32.0,23.4
2023-08-15,6.7,32.7,25.6,122.2,31.4,24.0,0.0,33.6,25.4,1.2,31.8,24.6,0.0,33.1,25.2,2.0,28.5,21.0,0.0,31.4,23.1,0.0,32.2,23.0
2023-08-16,5.0,32.9,24.6,18.4,31.2,24.6,61.0,33.3,23.2,10.3,30.7,24.0,32.0,32.2,24.2,12.4,28.0,20.8,3.0,28.6,23.9,31.8,32.6,23.0
2023-08-17,0.0,31.3,25.6,9.2,31.4,24.4,7.0,32.0,23.6,0.0,32.3,24.7,0.0,32.3,24.0,29.2,27.5,19.1,0.0,30.7,22.8,3.0,31.2,22.8
2023-08-18,3.7,33.3,24.4,0.5,31.2,24.0,0.1,33.4,25.0,0.0,33.4,25.0,0.1,32.5,23.8,6.2,29.6,20.1,0.0,29.5,22.9,3.0,30.3,22.9
2023-08-19,6.1,32.3,24.0,13.8,33.6,24.9,2.1,32.8,24.0,1.7,33.2,25.0,0.4,34.0,24.2,28.0,29.5,19.4,0.2,30.2,23.3,10.8,30.4,23.3
2023-08-20,15.6,32.3,24.8,12.4,33.0,24.6,0.0,34.3,24.8,0.0,33.7,24.4,5.8,32.0,24.1,2.4,30.4,20.2,11.2,31.8,23.0,0.0,33.8,23.6
2023-08-21,29.4,31.4,24.6,1.0,31.2,24.2,1.0,31.9,24.1,0.0,33.7,25.1,26.7,28.8,23.0,0.4,30.5,20.0,0.4,29.4,23.4,16.0,32.6,23.0
2023-08-22,1.7,32.7,25.2,0.0,32.6,25.0,5.8,33.6,23.5,0.1,32.6,24.4,0.0,32.5,23.6,10.5,29.4,20.5,0.4,28.8,23.3,11.1,32.2,23.4
2023-08-23,1.7,31.7,24.5,7.9,33.2,24.8,0.0,32.8,24.6,7.9,32.8,23.8,43.4,33.0,23.8,57.0,28.5,19.8,0.0,30.4,22.2,34.8,30.0,22.8
2023-08-24,14.0,33.0,23.9,0.9,32.8,25.9,0.0,34.4,24.6,0.6,33.3,24.0,0.0,32.4,23.8,6.4,30.0,19.2,0.0,33.2,23.2,0.0,33.8,23.0
2023-08-25,0.0,33.2,25.0,0.0,33.5,26.6,0.0,34.2,24.6,0.0,33.2,24.7,0.0,33.0,24.5,2.6,30.5,20.0,0.0,30.6,22.7,0.0,30.5,26.0
2023-08-26,0.4,34.3,24.3,0.0,33.6,26.5,2.5,34.1,25.8,0.0,34.0,24.4,0.0,33.7,24.2,12.9,28.5,19.6,0.2,31.6,22.5,0.0,33.0,23.4
2023-08-27,0.0,33.4,26.6,0.0,33.6,26.0,16.1,33.1,25.8,2.2,35.0,25.1,0.0,34.3,25.0,55.0,29.6,20.8,12.2,29.9,24.0,1.0,33.2,23.0
2023-08-28,0.6,33.1,25.0,0.0,33.4,25.0,50.1,31.0,24.6,3.5,31.8,24.7,3.1,34.1,24.7,26.5,27.0,20.5,1.8,33.1,23.1,5.0,31.0,23.1
2023-08-29,0.0,33.2,26.4,0.0,32.8,25.2,0.0,33.4,23.8,0.0,33.6,24.5,0.0,32.2,24.7,0.0,29.0,18.5,0.0,33.3,22.2,0.0,32.3,23.7
2023-08-30,0.0,34.2,25.3,0.0,33.8,27.3,0.0,34.3,24.8,0.0,34.2,25.0,0.0,34.7,25.1,0.0,29.0,18.2,0.0,32.9,22.5,0.0,33.5,22.6
2023-08-31,0.0,33.9,25.9,0.0,34.0,27.5,0.0,34.9,25.0,0.0,35.0,24.8,0.0,33.7,25.0,0.8,30.6,19.5,0.0,33.8,22.8,0.0,35.8,22.8
2023-09-01,0.0,33.7,25.7,0.0,34.0,26.2,0.0,34.8,24.3,0.0,34.7,24.6,0.0,34.5,25.2,19.6,31.2,20.2,0.0,33.4,22.5,0.0,35.0,23.4
2023-09-02,1.3,32.7,27.0,0.0,33.8,26.2,0.0,33.0,24.8,0.0,34.9,25.0,0.0,35.3,25.7,14.8,29.5,20.0,0.0,31.8,23.2,0.0,34.6,23.7
2023-09-03,0.2,33.3,25.7,0.0,34.6,26.0,0.0,34.0,24.2,0.0,33.8,24.9,0.0,34.5,26.0,1.0,31.0,20.1,0.0,31.3,22.8,0.0,31.5,23.5
2023-09-04,0.0,32.5,26.3,0.0,34.8,26.0,0.0,34.5,25.9,0.0,34.1,24.7,0.0,35.1,24.3,0.2,32.4,19.8,0.0,33.6,24.3,0.0,34.4,23.2
2023-09-05,4.2,32.6,24.9,0.0,33.8,25.2,2.8,35.8,24.5,0.0,34.9,25.3,0.0,35.0,26.2,2.0,32.8,20.5,4.0,33.5,23.0,2.0,34.6,23.3
2023-09-06,0.0,32.4,25.1,0.0,32.4,25.0,12.0,34.1,24.5,13.7,33.3,24.7,12.8,33.7,24.4,1.6,31.0,20.2,2.2,32.7,22.1,43.4,33.8,23.2
2023-09-07,5.7,33.5,25.0,0.0,33.8,25.7,0.0,33.4,25.2,0.2,32.3,24.8,0.1,33.5,24.4,7.8,32.5,19.8,0.0,32.0,22.3,3.0,32.6,23.0
2023-09-08,108.6,35.0,24.0,0.0,33.8,25.9,0.0,34.3,24.7,0.2,32.6,24.9,2.0,33.0,24.0,2.4,30.0,19.5,0.0,32.3,23.9,0.0,32.4,23.4
2023-09-09,0.0,32.8,24.8,0.0,32.8,25.7,0.0,34.9,25.3,0.0,33.7,24.1,10.6,33.3,24.2,22.2,32.5,21.0,0.0,32.2,22.9,0.0,31.2,23.2
2023-09-10,0.0,32.7,25.1,0.0,34.6,26.2,0.8,31.6,23.0,0.0,33.8,24.5,0.4,33.2,23.1,28.0,29.0,19.0,16.4,32.2,22.8,9.4,32.2,22.8
2023-09-11,1.8,33.4,24.0,22.4,33.8,24.8,0.0,33.8,24.4,23.0,32.9,24.0,0.0,33.0,25.0,0.0,30.8,19.8,1.0,31.9,23.2,14.4,33.4,22.8
2023-09-12,4.8,34.6,24.4,2.6,31.3,24.8,15.6,33.2,23.0,1.0,33.0,23.9,0.0,32.9,24.5,3.2,30.5,20.0,0.6,31.6,23.4,15.4,33.8,23.0
2023-09-13,0.0,33.0,24.8,0.0,32.9,25.5,31.3,32.3,23.5,14.2,32.2,24.2,0.0,33.0,24.2,7.5,30.5,20.0,8.4,29.8,23.0,5.2,33.0,23.4
2023-09-14,0.0,34.1,25.2,0.0,33.0,25.5,1.0,29.1,23.2,0.2,32.2,24.5,17.7,32.4,24.3,25.4,29.0,19.5,0.0,31.6,22.6,1.5,31.8,23.0
2023-09-15,1.2,32.1,25.0,0.0,34.0,24.9,0.0,34.5,24.1,32.3,34.0,23.2,4.6,34.0,24.0,22.0,31.0,19.2,0.0,31.7,23.0,0.0,32.0,23.0
2023-09-16,42.2,34.7,24.1,0.0,32.6,25.5,5.4,34.6,24.9,0.0,33.3,25.0,0.2,32.6,24.8,1.6,30.0,20.2,3.0,31.8,22.5,2.5,31.5,23.5
2023-09-17,5.4,32.7,24.1,8.0,33.4,25.2,4.4,34.1,24.5,2.2,34.3,25.5,23.6,33.8,23.8,1.0,32.8,20.0,0.2,30.5,22.9,46.0,33.0,22.7
2023-09-18,0.2,31.0,25.2,0.0,32.6,24.0,0.0,33.4,25.0,8.8,34.5,23.8,11.2,34.0,23.6,0.2,31.5,18.5,0.0,29.8,23.1,8.2,32.4,23.4
2023-09-19,0.0,32.2,25.9,0.0,32.8,26.0,0.0,32.5,24.0,13.7,32.6,23.5,7.5,33.0,24.5,0.8,32.0,21.0,0.0,31.7,23.6,0.5,31.8,23.0
2023-09-20,0.0,32.1,24.6,7.4,33.8,24.6,0.0,33.0,25.0,0.0,32.5,24.5,32.8,33.2,23.8,15.6,31.5,19.5,4.4,29.1,23.3,8.1,33.2,23.0
2023-09-21,73.2,32.6,24.2,1.4,29.8,25.2,0.0,33.7,25.0,0.0,32.9,24.6,85.2,32.1,23.4,42.4,29.2,19.3,4.8,29.9,23.5,2.0,31.0,23.4
2023-09-22,61.8,32.7,24.8,1.9,31.4,24.8,1.2,33.6,24.6,27.6,32.8,23.2,2.7,31.0,23.8,12.0,29.4,20.0,0.0,31.9,22.3,16.8,30.9,22.6
2023-09-23,0.0,34.2,24.4,6.2,33.6,26.1,0.0,33.8,24.7,2.8,33.2,24.4,0.0,33.2,25.2,5.0,28.2,19.5,0.0,34.1,22.4,4.2,33.3,22.8
2023-09-24,0.0,34.2,25.8,0.2,32.4,25.5,0.0,34.9,25.0,0.0,33.9,25.3,0.0,33.0,24.9,8.0,29.5,24.5,1.8,31.9,23.4,0.0,33.6,23.0
2023-09-25,0.0,33.1,24.7,4.0,34.0,25.0,5.4,33.9,24.7,32.9,34.2,24.7,39.9,33.5,25.0,0.0,31.0,20.4,0.6,32.0,24.0,39.2,33.4,22.8
2023-09-26,12.0,32.7,24.7,42.0,32.2,24.6,0.0,32.8,24.9,18.1,32.9,25.0,5.0,33.0,24.9,0.0,29.5,20.0,24.8,29.0,22.2,28.8,30.2,23.2
2023-09-27,0.0,33.9,26.0,34.0,32.0,24.0,22.9,31.8,24.2,2.4,32.9,25.0,0.0,32.6,25.4,6.2,27.0,19.8,6.6,29.8,22.7,3.0,29.0,22.8
2023-09-28,0.0,34.5,25.6,1.4,31.4,24.0,4.8,33.4,23.5,0.0,31.5,23.8,0.0,32.9,25.5,38.6,28.2,20.4,0.0,30.3,22.5,0.0,32.5,23.1
2023-09-29,0.0,33.7,26.0,0.8,31.6,26.1,14.4,32.6,25.5,0.8,33.7,25.0,0.0,32.8,25.5,3.5,28.5,20.8,0.0,30.8,23.1,0.0,32.2,23.5
2023-09-30,0.0,34.1,26.9,0.0,32.8,25.2,2.2,33.4,25.5,0.7,32.2,25.2,0.0,33.0,25.6,9.6,28.0,20.2,0.0,32.7,22.8,5.0,33.0,23.0
2023-10-01,0.0,34.1,26.2,0.0,32.6,26.5,0.4,33.2,25.5,0.0,34.1,25.1,0.0,34.0,25.0,19.9,27.0,19.4,0.0,32.4,23.9,1.0,31.4,23.0
2023-10-02,0.0,33.9,26.3,0.0,33.8,25.0,0.4,34.2,25.5,10.0,33.0,24.5,1.0,33.5,24.5,25.4,30.5,19.6,0.0,31.6,23.7,2.2,33.5,22.8
2023-10-03,0.0,33.5,25.1,0.0,34.6,26.0,0.3,34.7,24.1,0.0,34.1,24.4,0.0,34.0,23.8,3.8,31.0,19.5,0.0,32.9,22.9,0.0,34.5,23.0
2023-10-04,0.0,34.0,24.8,0.0,35.0,24.4,0.1,34.8,25.1,0.0,33.8,24.0,0.0,34.5,23.4,0.0,33.0,17.0,0.0,33.7,22.6,0.0,31.0,26.4
2023-10-05,0.0,34.6,25.0,0.0,34.4,25.5,0.0,35.2,24.4,0.0,34.1,24.4,0.0,34.2,23.8,0.0,33.1,18.2,0.0,33.3,23.3,0.0,34.4,23.0
2023-10-06,1.4,34.8,24.9,7.0,34.0,25.0,0.0,34.6,24.6,0.0,34.6,25.5,36.0,34.7,24.3,1.0,32.0,19.5,15.6,33.7,22.9,1.5,33.4,23.2
2023-10-07,16.0,34.4,23.8,0.0,32.8,25.0,4.2,34.6,24.0,0.0,34.1,25.4,34.9,31.6,24.5,0.0,31.0,20.0,3.2,31.7,24.0,6.0,34.5,22.9
2023-10-08,11.0,34.6,25.1,10.9,33.6,24.8,4.2,33.4,24.8,13.1,34.4,25.5,0.0,32.5,24.9,2.0,31.5,20.0,0.0,31.0,23.5,33.4,34.2,23.0
2023-10-09,1.3,33.5,25.0,10.1,31.8,25.5,0.0,31.8,26.1,1.0,32.8,25.5,29.5,32.5,24.5,45.4,32.5,20.0,0.0,30.7,24.1,3.8,34.0,23.2
2023-10-10,7.8,34.0,24.8,7.2,29.0,24.2,6.6,31.2,23.5,9.7,29.8,23.6,8.9,30.1,24.7,1.8,29.5,20.4,0.4,28.2,23.9,6.9,32.4,22.8
2023-10-11,1.2,34.0,24.8,0.1,31.3,25.5,0.3,33.6,24.2,3.7,32.1,23.9,0.0,31.3,24.0,26.0,28.5,20.5,0.0,32.9,23.6,0.0,32.0,23.3
2023-10-12,7.2,34.7,23.5,0.0,33.2,26.0,0.0,34.1,24.2,1.1,33.6,24.8,0.0,32.7,24.8,8.1,31.0,20.0,9.6,32.5,23.7,1.2,34.0,23.4
2023-10-13,1.6,30.5,24.4,5.6,31.2,26.0,0.0,32.8,24.9,0.0,33.1,25.0,0.0,32.0,25.2,6.6,28.5,20.5,0.0,29.8,24.1,0.4,33.3,22.8
2023-10-14,14.4,32.7,25.4,7.8,33.0,25.2,0.0,34.3,24.4,0.0,33.8,23.9,0.0,33.2,24.2,38.2,30.5,19.6,0.0,32.6,21.8,0.0,32.2,23.0
2023-10-15,43.4,33.8,24.5,0.0,33.8,25.1,0.0,35.3,24.5,0.0,34.7,25.2,1.0,33.4,24.6,32.5,33.0,20.0,0.0,32.6,22.9,0.0,33.4,22.9
2023-10-16,0.0,32.7,24.1,15.1,31.0,25.0,0.0,34.2,24.7,2.8,33.0,24.7,3.3,32.6,23.5,8.8,32.0,20.0,0.8,32.9,22.6,0.0,34.3,22.8
2023-10-17,2.4,34.6,24.0,0.0,31.4,24.6,0.3,35.4,24.0,0.0,33.8,24.5,0.7,32.5,23.6,0.2,31.0,19.0,0.2,32.6,22.6,1.4,34.9,22.9
2023-10-18,0.2,34.7,25.6,0.0,33.0,25.2,4.4,34.4,25.1,1.4,35.0,25.2,0.0,33.5,24.4,0.0,33.5,19.5,0.0,33.4,22.6,14.0,35.2,23.0
2023-10-19,0.0,33.0,25.0,0.0,32.8,25.0,1.8,33.4,24.0,14.7,33.9,24.5,0.0,34.4,24.2,28.2,33.4,19.5,2.2,32.8,22.3,0.4,33.8,22.9
2023-10-20,0.0,34.1,26.0,0.0,32.8,25.0,0.0,36.4,24.2,0.0,33.9,24.6,0.0,33.7,24.4,3.2,33.0,19.8,0.0,33.0,22.9,0.0,34.8,23.6
2023-10-21,25.9,34.32,23.8,0.0,33.8,25.9,4.0,34.3,25.1,4.4,34.2,25.2,0.0,33.5,24.4,2.4,31.0,18.5,0.0,34.3,23.1,1.4,34.4,22.9
2023-10-22,11.0,34.1,24.8,32.6,32.6,24.8,0.0,34.4,24.1,0.1,33.8,24.7,16.6,33.5,23.6,10.6,32.0,19.0,3.4,33.7,22.5,1.0,34.3,23.2
2023-10-23,66.6,34.4,24.1,1.0,31.7,25.5,0.0,34.6,24.2,7.0,34.4,24.6,0.0,33.7,23.8,4.0,33.0,18.5,0.0,33.6,23.0,0.0,33.7,23.2
2023-10-24,22.2,34.3,24.6,0.0,32.6,25.4,0.0,35.3,24.0,36.4,34.3,23.6,0.4,34.8,23.8,2.6,33.0,20.0,0.0,33.5,24.7,0.0,34.8,23.6
2023-10-25,3.7,32.5,23.6,2.6,33.2,24.5,0.0,35.4,24.9,1.0,33.5,24.2,24.0,33.0,25.4,20.6,30.5,20.2,0.6,33.0,23.0,5.5,34.0,23.0
2023-10-26,0.0,31.6,24.6,3.0,30.5,24.9,0.0,35.2,25.0,0.0,33.3,24.5,1.0,30.0,23.2,0.0,28.2,19.2,0.0,30.7,23.5,2.0,34.2,23.5
2023-10-27,37.2,34.7,24.5,0.0,31.6,24.2,0.0,32.9,23.7,0.0,33.4,23.5,0.0,32.8,23.4,0.0,30.5,18.0,0.0,32.6,23.7,0.0,33.2,23.2
2023-10-28,0.0,32.7,25.5,2.0,32.4,25.0,0.0,35.8,24.9,0.1,34.0,24.4,0.0,33.8,24.4,0.0,33.2,20.0,0.0,33.3,24.1,0.0,33.5,23.0
2023-10-29,0.0,34.2,25.2,11.7,29.8,24.1,3.3,35.7,25.0,9.2,34.0,25.0,0.0,33.8,22.8,0.0,32.5,19.6,0.0,33.3,24.3,0.8,33.8,23.0
2023-10-30,0.0,33.5,25.3,0.0,32.0,25.0,0.0,34.2,24.9,9.7,33.9,25.5,0.0,34.0,24.2,19.6,33.0,20.3,0.0,33.8,22.6,20.8,33.9,23.0
2023-10-31,0.0,34.1,25.1,0.0,32.6,25.0,0.0,36.2,24.0,9.9,33.4,24.0,4.0,35.0,23.0,0.0,31.7,20.8,0.0,33.7,22.7,0.0,33.4,23.0
2023-11-01,5.4,33.9,26.5,0.0,33.4,25.5,0.0,37.4,21.0,0.0,34.4,24.5,0.0,34.8,24.5,20.4,33.8,19.5,0.0,35.1,23.0,0.0,34.0,22.8
2023-11-02,13.6,34.4,24.9,0.0,32.8,25.9,0.0,36.1,25.1,6.2,34.9,24.5,0.0,35.5,24.1,0.0,32.8,19.7,0.0,33.3,24.2,21.4,23.5,22.6
2023-11-03,0.0,33.5,24.9,13.8,31.8,24.6,0.0,33.7,25.1,0.2,34.5,25.5,0.1,32.4,24.4,2.0,31.0,19.5,2.6,33.2,23.0,6.2,34.6,22.6
2023-11-04,0.0,32.1,24.3,36.7,29.2,24.0,7.8,34.7,25.0,19.1,32.3,24.5,2.1,33.5,24.0,0.4,31.5,20.0,1.2,32.7,22.6,3.6,34.0,22.8
2023-11-05,0.2,33.8,25.2,0.2,32.0,23.5,0.0,35.9,24.0,1.8,33.7,24.0,0.8,35.2,24.0,0.0,33.0,19.5,0.0,34.5,22.3,0.0,34.2,23.0
2023-11-06,0.0,34.3,26.5,59.4,30.6,25.5,0.0,33.6,23.6,43.6,34.5,24.6,3.9,34.1,24.9,0.0,34.0,21.0,0.0,35.3,24.1,0.0,34.8,23.2
2023-11-07,18.0,34.3,25.6,39.7,28.6,24.5,0.0,34.4,25.2,27.0,31.6,25.0,28.8,31.5,24.7,10.8,33.8,20.8,12.4,34.3,22.8,9.0,33.4,23.5
2023-11-08,22.4,32.4,23.2,1.9,31.6,24.8,0.1,34.0,25.1,118.2,27.9,23.8,1.5,31.8,23.7,0.0,29.5,20.0,0.0,33.0,24.0,0.6,33.0,23.2
2023-11-09,0.0,34.3,25.4,6.6,31.4,25.2,0.2,36.3,25.8,0.0,34.0,25.7,10.7,33.8,24.0,0.0,33.0,18.0,0.0,33.6,23.9,0.0,34.2,23.5
2023-11-10,0.0,34.3,25.6,0.0,32.4,24.4,1.0,35.1,24.9,0.0,34.0,24.2,0.0,33.7,24.0,0.0,34.0,20.0,1.2,32.8,24.5,2.8,34.8,22.6
2023-11-11,0.6,34.7,25.0,0.4,32.0,24.6,0.2,35.1,25.7,53.2,34.4,24.5,0.0,33.7,23.6,0.8,34.0,18.0,0.0,33.8,23.8,0.0,34.2,23.1
2023-11-12,0.0,34.0,25.3,0.8,31.2,24.8,0.0,31.6,22.5,0.8,33.8,25.3,3.0,33.8,23.5,0.0,33.6,18.2,0.0,34.7,23.2,0.0,34.6,23.4
2023-11-13,0.0,34.8,25.1,1.8,31.4,24.8,0.0,34.5,24.6,0.0,34.7,25.5,0.0,33.1,23.0,0.0,34.1,18.2,0.0,34.9,24.0,0.0,34.4,23.2
2023-11-14,0.0,34.6,26.1,0.1,31.4,25.5,0.6,36.9,24.8,0.6,35.3,26.5,0.0,34.0,23.6,0.0,35.0,19.2,0.0,34.0,23.2,8.2,34.6,23.3
2023-11-15,0.2,33.2,25.0,36.3,32.4,24.6,1.6,36.8,25.1,0.0,34.5,26.8,5.4,33.7,24.1,0.2,32.5,19.5,0.0,34.4,23.3,0.0,35.5,23.1
2023-11-16,11.3,27.6,24.8,31.7,29.0,24.3,0.2,35.5,25.1,10.3,32.0,25.0,2.0,29.6,24.2,3.4,28.2,20.0,2.2,30.4,23.6,0.1,31.0,23.2
2023-11-17,0.0,31.5,25.3,97.4,30.4,23.2,0.0,34.2,25.2,0.8,33.3,25.0,10.0,30.8,24.5,0.0,29.5,20.9,2.8,31.7,22.5,0.0,32.0,23.2
2023-11-18,23.7,32.3,25.2,91.8,26.8,23.4,0.0,35.8,24.3,16.9,32.2,25.2,7.1,28.6,24.5,0.0,29.5,20.8,1.0,31.9,23.4,0.0,33.0,23.4
2023-11-19,0.0,31.2,25.3,53.9,26.6,22.8,0.0,35.3,24.2,0.0,32.8,24.7,0.2,29.2,23.8,14.0,30.0,20.9,5.6,31.3,23.2,0.0,31.2,22.8
2023-11-20,0.0,34.2,25.7,0.2,27.8,23.9,12.0,34.8,24.8,0.2,32.2,24.7,0.6,30.0,24.5,1.4,30.2,21.0,20.4,32.0,24.2,0.0,34.0,23.0
2023-11-21,0.6,33.4,25.6,0.5,31.2,24.0,22.7,32.5,25.2,22.9,30.7,24.8,33.0,31.1,24.2,29.2,29.0,20.1,0.0,31.2,23.4,30.0,32.6,22.4
2023-11-22,0.0,34.1,26.5,0.0,30.9,26.0,0.0,34.9,25.2,0.2,33.2,25.1,1.2,32.8,24.6,0.2,33.0,20.5,0.0,33.7,23.6,0.0,34.4,22.8
2023-11-23,12.4,33.0,25.7,19.2,31.6,25.0,5.4,34.4,24.9,1.4,34.2,26.2,3.0,32.2,25.0,5.4,31.0,20.0,0.6,33.2,24.5,22.4,33.0,23.2
2023-11-24,0.8,32.0,25.2,18.2,28.9,24.6,10.6,34.2,25.0,4.2,32.5,26.8,1.5,32.0,23.2,3.8,30.0,16.5,12.2,33.6,23.7,0.0,32.4,23.0
2023-11-25,0.0,33.0,24.6,12.0,31.0,23.8,0.0,34.4,23.9,2.8,33.9,26.8,11.4,31.8,22.2,1.8,32.5,18.0,0.0,32.1,24.5,0.0,34.2,22.9
2023-11-26,0.0,33.2,25.6,2.0,31.4,25.0,0.0,34.8,24.2,52.1,33.6,24.2,6.0,33.3,24.0,0.0,32.8,20.5,0.0,33.3,24.5,0.0,35.6,22.8
2023-11-27,0.0,32.2,25.6,8.8,30.4,25.6,1.0,34.4,25.2,16.2,32.8,23.8,0.0,33.0,24.3,0.0,31.5,19.0,0.0,32.8,22.9,0.0,34.6,23.4
2023-11-28,0.0,32.4,26.3,4.0,30.8,25.4,1.8,36.1,24.9,1.5,33.0,27.0,1.0,33.8,24.7,1.0,30.0,20.3,0.2,32.8,25.2,3.1,35.0,23.6
2023-11-29,0.0,32.6,24.8,7.0,29.6,25.6,1.6,34.2,25.4,2.2,32.9,27.3,27.4,32.3,24.3,24.0,30.0,20.1,27.6,31.4,23.4,13.0,34.5,23.0
2023-11-30,9.0,31.9,25.2,13.0,30.8,25.0,0.0,32.0,24.7,0.2,31.5,27.5,0.0,31.5,24.0,0.4,32.0,19.0,5.2,29.0,23.5,0.0,33.8,23.2
2023-12-01,0.0,33.4,25.1,69.8,31.0,24.2,0.0,36.3,25.1,0.3,32.6,26.6,1.4,33.1,23.8,0.0,31.0,19.0,0.0,33.0,24.6,3.2,34.6,23.2
2023-12-02,8.8,33.0,25.0,22.4,28.4,23.8,0.0,34.6,25.6,0.2,33.1,26.0,6.8,31.5,23.5,13.4,32.5,20.5,2.4,32.8,24.7,0.3,34.8,23.4
2023-12-03,0.0,31.8,24.9,22.6,30.4,24.6,5.1,35.4,25.4,0.0,33.2,26.1,24.7,32.6,24.0,0.0,29.5,18.6,0.6,30.4,23.4,9.0,33.3,23.2
2023-12-04,0.2,33.0,25.1,3.0,29.8,24.8,0.0,34.5,23.7,81.2,33.0,25.6,15.0,34.0,24.0,0.4,32.4,19.0,0.0,33.1,22.8,0.0,34.1,23.4
2023-12-05,1.8,33.8,25.2,58.8,30.8,24.6,0.0,34.6,25.8,7.1,32.1,25.0,18.9,32.4,24.6,13.6,33.0,20.0,0.0,32.7,24.4,5.8,34.0,23.0
2023-12-06,0.2,32.0,24.6,27.8,25.7,23.6,0.4,33.4,23.6,7.6,28.8,24.9,2.6,27.8,22.5,0.4,30.5,19.5,0.0,30.6,24.2,0.0,33.2,23.1
2023-12-07,0.0,31.5,25.2,9.2,30.8,24.5,1.6,35.8,25.5,0.0,31.5,25.5,0.7,28.7,23.2,1.2,30.5,19.5,0.2,32.1,24.0,4.0,33.4,23.6
2023-12-08,0.2,33.9,25.6,1.6,30.0,24.2,3.6,34.4,25.0,94.3,33.0,24.5,9.2,32.5,24.0,8.2,32.0,20.0,0.0,32.7,22.8,4.3,34.8,23.2
2023-12-09,0.0,33.7,25.2,4.7,31.0,24.0,4.4,33.3,24.0,1.6,32.4,24.5,0.0,33.0,25.0,0.0,32.5,19.0,0.0,31.7,22.1,0.0,34.0,23.0
2023-12-10,0.0,34.0,25.1,14.4,31.6,25.1,0.8,34.3,24.5,0.3,33.0,25.5,0.0,33.5,23.5,0.2,33.2,19.5,0.0,33.6,22.7,0.0,34.2,23.1
2023-12-11,0.0,34.2,24.6,10.1,30.2,25.0,0.0,34.5,22.8,5.7,33.4,25.4,0.0,33.0,22.4,0.0,32.5,17.5,0.0,33.1,23.2,0.0,34.4,23.4
2023-12-12,0.0,33.3,25.4,0.1,31.9,25.2,0.0,35.3,24.0,0.7,32.9,27.0,9.0,33.0,23.7,0.0,32.6,19.5,0.0,34.2,23.5,0.0,34.6,23.2
2023-12-13,0.0,31.6,25.0,25.4,31.6,24.7,11.8,35.3,24.0,0.0,32.5,26.0,6.8,31.3,23.1,0.6,30.0,18.5,0.0,31.7,25.4,4.0,34.2,23.4
2023-12-14,0.0,33.8,24.7,6.0,31.8,25.0,0.0,36.3,23.3,1.7,31.9,25.2,7.9,32.8,23.0,0.0,31.5,18.0,0.0,34.6,22.9,0.0,34.0,23.2
2023-12-15,0.0,33.5,24.2,1.1,31.0,24.3,0.0,35.1,23.8,0.0,32.5,24.8,0.0,33.9,22.1,0.0,31.5,16.8,0.0,33.9,22.3,4.8,33.2,23.2
2023-12-16,0.0,34.7,25.1,10.7,30.2,24.4,0.0,34.4,23.0,0.0,33.4,26.3,0.2,32.6,24.2,1.4,33.0,19.2,0.0,34.2,23.2,0.0,34.5,23.4
2023-12-17,0.0,30.8,26.0,164.8,27.4,23.0,0.0,34.7,24.8,4.2,32.2,25.1,41.1,28.0,24.4,0.8,29.0,21.2,0.0,32.0,24.7,0.0,33.0,23.2
2023-12-18,27.7,27.2,24.4,14.8,28.5,24.7,3.8,32.8,25.4,33.4,27.1,24.6,61.9,27.0,24.0,7.0,24.5,20.0,0.0,29.6,23.8,2.1,29.2,23.0
2023-12-19,3.7,30.8,25.0,4.9,29.2,24.1,1.1,36.4,25.0,0.4,32.4,24.0,8.7,31.0,23.4,12.4,30.5,21.5,0.0,32.1,21.3,0.0,31.4,23.4
2023-12-20,21.0,33.3,23.9,0.6,31.6,23.7,0.0,35.8,25.1,0.0,33.5,24.0,0.4,33.5,22.8,0.0,33.0,18.0,0.0,33.9,21.8,0.0,33.2,23.3
2023-12-21,0.0,33.3,25.0,24.4,30.4,23.6,0.0,34.3,23.3,0.0,33.4,26.5,45.8,32.5,23.7,0.0,32.0,19.0,0.0,32.5,23.2,0.0,34.5,22.8
2023-12-22,0.0,32.4,24.7,11.6,31.2,23.4,0.0,35.7,25.1,0.4,32.4,25.3,0.8,31.1,23.0,13.0,29.0,19.0,0.0,33.4,23.7,16.0,34.8,23.1
2023-12-23,0.0,33.5,24.8,12.4,31.8,24.1,0.0,35.9,25.0,1.4,31.9,26.0,5.9,33.0,24.0,1.0,32.0,19.0,0.0,34.7,22.6,0.0,34.6,23.2
2023-12-24,0.0,33.4,25.9,73.9,29.2,23.9,0.0,34.9,25.6,1.4,32.0,26.3,16.7,31.8,24.4,2.2,30.2,21.0,0.0,34.9,25.0,0.0,34.0,23.0
2023-12-25,0.0,30.0,24.1,57.0,28.4,24.0,0.0,34.9,24.2,15.2,30.3,24.3,105.9,26.2,22.4,32.2,24.2,20.0,0.6,31.0,24.5,0.0,31.0,23.4
2023-12-26,0.0,33.3,25.8,8.8,30.5,24.9,15.8,34.6,23.4,9.2,32.0,25.8,6.3,31.5,23.5,2.2,30.8,20.8,0.0,35.0,25.5,0.0,34.4,23.4
2023-12-27,7.0,33.7,25.1,58.2,28.6,24.0,0.0,36.3,23.7,4.2,33.1,25.4,17.4,31.5,23.5,8.4,30.5,20.0,0.0,34.1,24.5,1.0,34.5,23.6
2023-12-28,0.0,34.5,26.2,6.0,30.8,24.5,0.0,36.0,24.2,0.2,32.7,25.5,0.0,31.3,22.5,0.2,31.8,18.2,0.0,34.2,25.2,12.2,35.0,23.0
2023-12-29,0.0,33.5,25.3,13.9,28.2,24.5,0.0,36.4,24.7,99.2,32.9,24.6,1.5,31.6,24.0,2.2,31.8,19.2,0.0,33.9,23.0,0.0,34.0,24.0
2023-12-30,0.0,34.5,25.2,0.2,29.7,25.2,0.0,34.1,23.9,98.4,28.6,24.5,3.0,33.0,24.0,3.6,32.8,19.0,0.0,34.6,22.6,0.0,33.5,23.2
2023-12-31,0.0,34.3,25.8,16.0,31.0,25.2,0.0,35.1,24.3,0.0,33.0,25.0,0.6,34.3,25.3,0.0,33.0,19.6,0.0,34.5,23.4,0.0,34.4,22.8
